dataset,cost_no_battery,cost_oracle,cost_prophet,buy_no_battery,buy_oracle,buy_prophet,sell_no_battery,sell_oracle,sell_prophet,gross_oracle,energy_oracle,power_oracle,fixed_oracle,termadj_oracle,peakkw_oracle,efc_oracle,gross_prophet,energy_prophet,power_prophet,fixed_prophet,termadj_prophet,peakkw_prophet,efc_prophet,efc_no_battery,cost_self_consumption,efc_self_consumption,cost_fixed_schedule,efc_fixed_schedule,cost_delayed_pv_charge,efc_delayed_pv_charge,cost_price_threshold,efc_price_threshold,cost_price_rank_daily,efc_price_rank_daily,cost_tariff_arbitrage,efc_tariff_arbitrage,cost_price_oracle,efc_price_oracle,gen_mae,gen_rmse,gen_nmae,gen_skill_vs_naive,gen_mae_first_month,gen_mae_last_month,con_mae,con_rmse,con_nmae,con_skill_vs_naive,con_mae_first_month,con_mae_last_month,regret_prophet,gain_oracle_vs_no_battery_pct,gain_prophet_vs_no_battery_pct,baseline_positive
Ausgrid 138,957.5252205267349,713.2436966543112,867.6574353721228,5965.689,5489.885275976444,6720.335445715793,2546.1800000000003,1835.3688808106729,3035.2018012481244,712.9646933325149,712.9646933325149,0.0,705.3016666664521,0.27900332179631915,7.078,232.1562286510234,867.3265492293035,867.3265492293035,0.0,705.3016666664521,0.33088614281932077,6.598842100000001,262.57877365664615,0.0,895.0909839345418,63.37994450000033,776.7625933710295,167.22777674999878,898.758808297988,60.29639404779025,882.7346398953935,112.02647724999986,844.4172785926042,140.97930199999976,853.6162887431667,145.2563979800157,884.7843599866063,105.32243324999975,0.30861090242347333,0.6575908538112655,0.6671550060423359,-0.7345622647147196,0.04511866730469661,0.28774230396601186,0.6674354709237289,1.0700318060344314,0.7825185855313908,-0.08273707412018116,0.4641998848579466,0.23064576191704084,154.4137387178116,25.51175871253233,9.385422256050425,True
Ausgrid 127,680.027782673157,473.6051242547078,599.6557039235618,3740.375,3728.858760392558,4686.943969876611,285.355,17.208947501000043,979.545498732781,473.2621498972644,473.2621498972644,0.0,705.3016666664521,0.342974357443403,4.912000000000001,253.95212548449544,599.3631039246535,599.3631039246535,0.0,705.3016666664521,0.29259999890826216,4.634,249.23660343465968,0.0,652.0840931809458,26.133288749999974,514.7930485857789,215.4235250000002,652.0840931809458,26.133288749999974,598.5248635521385,137.4298327500001,575.1766270315575,173.6851579999996,580.7423844990755,181.74006546560233,599.160316760869,134.27125149999986,0.08013492553722991,0.13953933713319208,0.45224705416998223,-0.12718389098170912,0.06947340273968435,0.07311385751109033,0.2735038987884907,0.4382360581855232,0.4784870341235,0.2118188467218709,0.29098187709943346,0.28563584348221766,126.05057966885397,30.35503308512066,11.81894046058772,True
Ausgrid 65,894.4032142270498,620.5409336325524,791.5694336404066,4949.204,4454.4624960069505,5813.972775246089,790.739,28.5793544439508,1383.978069593853,620.2483336336442,620.2483336336442,0.0,705.3016666664521,0.29259999890826216,8.11,263.89064128588933,791.2768336414983,791.2768336414983,0.0,705.3016666664521,0.29259999890826216,8.11,267.8967807551322,0.0,818.0879173597826,71.74419474999988,676.9445795475505,230.3074157499994,818.1665081040311,71.69521807801831,776.7173692458164,152.50098900000035,735.2531118606842,194.44456775000018,767.3757838228121,187.4311252138409,780.0602881119843,149.64948650000002,0.12969488741287122,0.22045478086102466,0.5026157484870136,-0.18204124168762426,0.1116683700246003,0.1214322019330533,0.4121628201336797,0.6427877179251416,0.562487292105312,-0.06287384223775994,0.7781527383312405,0.7550293319134631,171.02850000785418,30.619554607836616,11.4974743997888,True
Ausgrid 148,1174.5987436492196,803.3274623429947,1007.8385731915588,6218.915000000001,5568.102135360543,6875.302868730152,988.8919999999999,34.144185935825035,1364.2841651789122,803.0348623440865,803.0348623440865,0.0,705.3016666664521,0.29259999890826216,6.572,299.4711207571092,1007.5459731926505,1007.5459731926505,0.0,705.3016666664521,0.29259999890826216,6.572,277.12006084944164,0.0,1081.298866701781,89.24803975000019,900.311503239261,261.51012050000134,1081.3171031538423,89.23087962976828,1035.2155435636703,165.3900115000004,971.8423329147819,213.69811275000075,1016.5255757014398,193.03517908020055,1038.1684620022543,160.5448217500002,0.10728058547792114,0.1884634955935218,0.47320065920675314,-0.09885987253322392,0.0916777472084846,0.09612841941132047,0.581038148817154,0.825127532513945,0.705359734518455,-0.2216909090477257,0.9313615046007782,0.6796376489183714,204.51111084856404,31.60834994193564,14.197203203161422,True
Ausgrid 223,720.8107669077259,455.17444943587026,606.1753568574444,3304.7740000000003,2869.8187677496226,4199.592150814254,723.391,66.11885117770004,1365.145657748962,454.881849436962,454.881849436962,0.0,705.3016666664521,0.29259999890826216,6.06,219.94585786476827,605.8827568585361,605.8827568585361,0.0,705.3016666664521,0.29259999890826216,6.06,249.90406073749645,0.0,642.0878698904459,64.5855217499998,504.27466184483706,188.7443387500004,642.4551547589599,64.39202813806244,574.1800733922113,138.51172100000014,522.6586342854218,177.48946650000053,559.2650474480074,166.74066759751142,576.2730464774477,138.2832812500002,0.07064249316081808,0.1276286603957924,0.4728095279522248,-0.15417715491671657,0.048348657783971544,0.053649613559485894,0.37350180871809724,0.5939906201148273,0.8410527038661184,-0.12210904294751757,0.6724366540388061,0.45620528600956317,151.00090742157414,36.852434739763105,15.903676153738207,True
Ausgrid 179,641.111577935217,437.86106849739383,574.0849956370563,3448.159,3285.141316300007,4382.826688268198,403.714,24.079252518000033,1113.1212721041209,437.5684684984856,437.5684684984856,0.0,705.3016666664521,0.29259999890826216,4.2620000000000005,214.39215523330512,573.792395638293,573.792395638293,0.0,705.3016666664521,0.2925999987633616,4.65,222.8138832270236,0.0,602.427784520557,36.81518850000009,479.5473259221534,193.8469302499993,602.427784520557,36.81518850000009,544.5457601876928,136.31925625000065,518.2271601877065,168.5133117499998,533.1075190003379,157.45283095871068,547.2121594406267,131.7664265000004,0.07701407357800488,0.13498759918054262,0.5099201946304772,-0.15704970319844347,0.05987152242533001,0.06745419629714301,0.33112039163028184,0.5036762073184097,0.6641388861319334,-0.10219877426556612,0.6725990927077408,0.5963783132379761,136.22392713966246,31.702829340942152,10.454745258856274,True
Ausgrid 261,455.43189589267354,286.4801962037364,432.5074793379792,2636.215,2311.8434851470392,3285.6139340588793,530.0060000000001,33.40888581760003,999.6729577180872,286.1875962050402,286.1875962050402,0.0,705.3016666664521,0.2925999986961597,6.1,171.1389334075114,432.21487933907093,432.21487933907093,0.0,705.3016666664521,0.29259999890826216,6.1,178.45283920892967,0.0,406.3727777868762,48.21304150000012,329.0854564113341,161.05565549999935,406.3727777868762,48.21304150000012,378.56876413664264,114.92030124999943,356.7642792498298,146.86150124999944,383.0965073011756,112.33891249648192,381.0519832452223,108.45399874999941,0.07967313937968022,0.13776248391646365,0.4858023572363265,-0.14750887585885808,0.06339420145707696,0.06721957372374625,0.2782738730018862,0.45409885098892233,0.6880507360251353,-0.15359510840466495,0.4229532735665795,0.36877399342578515,146.0272831342428,37.097028383965466,5.033555348546928,True
Ausgrid 142,433.22839584264597,191.41904517533888,347.209100978906,3082.336,1673.6710927245144,2929.139116998574,2034.358,388.78671433264697,1638.3857728554442,191.07607081789547,191.07607081789547,0.0,705.3016666664521,0.342974357443403,4.948,234.7344199908668,346.86612662300416,346.86612662300416,0.0,705.3016666664521,0.3429743559018231,4.948,240.4528994763572,0.0,274.58366377680767,151.8776704999996,283.50043929572513,205.23158649999942,277.7741578267593,149.53485093006762,321.0435686806756,158.4357079999995,285.73230877680265,212.60606999999885,330.9160082132517,165.82917928469627,316.0718430189369,159.48445049999933,0.16837996316875992,0.29188876515274614,0.48586982629292896,-0.11867985717258267,0.14593355298194324,0.15687198532594998,0.2919971318073623,0.4512103790131103,0.6263534920599438,0.09717108759265347,0.5294599914847917,0.43652982543466345,155.79005580356713,55.81567436201372,19.85541476255939,True
Ausgrid 128,811.1937886428742,570.1273517038852,709.386551201924,4365.071,4458.147563582177,5273.986525443148,187.64,17.02718750400005,858.5679524101553,569.834751704977,569.834751704977,0.0,705.3016666664521,0.29259999890826216,5.165778400000001,260.2574852073065,709.093951203264,709.093951203264,0.0,705.3016666664521,0.2925999986599324,5.4108421,235.21470282004475,0.0,792.8292675007064,17.31451,622.9563032472136,212.49935750000003,792.8292675007064,17.31451,714.0712420840038,138.76732174999998,683.5378920291196,169.70461549999985,691.439276549149,180.76887697742703,714.5209727119006,135.61354099999946,0.09955653140997096,0.17338398870827965,0.4937285594152952,-0.175412876822149,0.07534080899846295,0.09146446719834554,0.3262198613220356,0.4465470816027037,0.48078296912254065,-0.6120364238311067,0.275031637244874,0.3571874887854748,139.2591994980388,29.71749048304385,12.55029795177223,True
Ausgrid 168,404.92578829078434,209.32216559736165,349.07867176545693,2330.559,1770.2415115237714,2859.297007471608,782.124,30.84131382440004,1113.652961440077,209.0295655984534,209.0295655984534,0.0,705.3016666664521,0.29259999890826216,3.936,189.39802920251833,348.7860717665487,348.7860717665487,0.0,705.3016666664521,0.29259999890826216,3.1156162654,195.48177890728115,0.0,328.58513356672347,70.96669100000008,254.2351872899346,179.41068500000117,328.58513356672347,70.96669100000008,308.24170179912477,129.71367575,273.79756119412093,167.88308775000021,313.7717954347638,136.56076496471806,304.24630884421475,128.16308799999996,0.08835367661835339,0.15135433439707663,0.47160780574133204,-0.14239819923568686,0.07266374386374719,0.07989213578661263,0.2231349576629464,0.32561138083378477,0.6128268896364856,-0.08257109879041802,0.2921409433174396,0.2591739975494378,139.75650616809529,48.306042329157926,13.791938705870374,True
Ausgrid 249,1164.5944424629645,806.4544471442497,951.3581253978937,5669.514999999999,5404.456864869607,6554.127049132681,591.292,18.306332128000047,1168.9476813337988,806.1618471453414,806.1618471453414,0.0,705.3016666664521,0.29259999890826216,4.59,303.36133020876133,951.0655253989854,951.0655253989854,0.0,705.3016666664521,0.29259999890826216,4.59,302.41506709454455,0.0,1108.2117899544655,53.74410299999996,879.1893995197988,244.93336425000075,1108.2117899544655,53.74410299999996,1018.2266928070696,162.71100999999967,958.1573440620358,200.11751025000007,973.5370589193136,225.59589143525045,1021.6371229023694,157.59812424999978,0.10751016083315118,0.1973010084115166,0.4680369051249617,-0.23826247960209512,0.07856122606502013,0.07810825319874844,0.38203897330904585,0.5380236583877215,0.471996693881819,-0.16337875135911872,0.45989820236878765,0.4828295540182221,144.903678253644,30.7523359429138,18.309920543163848,True
Ausgrid 81,337.0674458671571,161.49663914775832,307.8902425364839,2470.9849999999997,1454.0941306300924,2602.4022087233907,1453.213,266.55992954024106,1431.755302717317,161.30360122041486,161.30360122041486,0.0,705.3016666664521,0.19303792734345365,4.6240000000000006,167.60582328146106,307.7259443371749,307.7259443371749,0.0,705.3016666664521,0.1642981993090324,4.232,150.82451825045922,0.0,235.1568637974338,113.83088499999812,206.92980151538274,124.44379524999859,236.05993909473915,113.39322346315605,275.3034944188877,91.88169574999804,250.76562834153026,114.60986774999876,287.1052618123144,63.206107613414396,275.04846602706016,90.74292549999811,0.12260360801575203,0.2182192232761535,0.5524145107143933,-0.1759237409197627,0.0874864459660998,0.09765902509090267,0.33999267609322187,0.5155475820393417,1.0055226077224828,-1.5917142740334147,0.24859691410386506,0.15184080144565676,146.3936033887256,52.087737594390425,8.65619142056582,True
Ausgrid 104,2027.3560620183864,1723.3979504334263,1890.156174615529,12190.554,12110.13635477639,13321.722937567441,382.53499999999997,11.981000024230031,1240.3639643039546,1723.105350434518,1723.105350434518,0.0,705.3016666664521,0.29259999890826216,13.242,286.0263362566232,1889.8635746166206,1889.8635746166206,0.0,705.3016666664521,0.29259999890826216,13.242,269.6606314289405,0.0,1989.9877650205856,34.90378374999993,1792.1941335199535,230.71546950000024,1989.9877650205856,34.90378374999993,1923.2596412958308,159.19809025000012,1878.0486917087571,185.80533500000035,1891.466014857032,218.82733865101687,1923.8292591085558,153.52475799999962,0.11572332966589863,0.19831968137297756,0.4903744396587151,-0.2764711477418238,0.10079058624297126,0.10489908211373518,1.2231796807515634,1.8089353565694213,0.7722400595319993,-0.327015952271718,0.9467490767036093,0.7840368972809517,166.7582241821026,14.992833142607754,6.7674292628333195,True
Ausgrid 172,646.1216635833382,429.45115440656053,573.7188931670645,3466.299,3272.74368521623,4350.679178729833,467.297,45.71951674240003,1126.1789467993974,429.1585544076523,429.1585544076523,0.0,705.3016666664521,0.29259999890826216,4.8,225.5048212889705,573.4262931684419,573.4262931684419,0.0,705.3016666664521,0.2925999986226092,4.34032648,223.04560115266767,0.0,602.3530109965324,40.30952950000021,480.57333038654775,191.58318925000148,602.339819077238,40.30952950000021,547.1852753216604,133.90344475000012,518.8702643345179,165.25103100000123,533.1004768451409,165.0715368729912,546.44980439486,131.09665825000016,0.08867089960542211,0.15649003408531176,0.5898424852386933,-0.3455325099577984,0.06917002990505682,0.07106840532038258,0.31242991342573534,0.4619820890791877,0.6341416040417708,-0.10003767760176241,0.44612335100208644,0.428849519358257,144.26773876050396,33.534010912920124,11.205748777209207,True
Ausgrid 29,696.4214958228428,426.303955357378,588.9247080924233,3680.29,2960.058899386683,4059.156560950911,1039.942,73.95321598390004,1175.5846363788746,426.01135535846976,426.01135535846976,0.0,705.3016666664521,0.29259999890826216,3.91,242.78557945381834,588.6321080935151,588.6321080935151,0.0,705.3016666664521,0.29259999890826216,4.606000000000001,240.3167888357455,0.0,594.31592678944,90.3545420000003,495.4168230383619,210.36047974999906,595.2583243844488,89.80538471097027,560.2488413286502,158.12700124999967,513.3138860220963,198.27873699999927,533.6678997351166,194.52305030978025,560.8517074346133,156.0087812499997,0.1431289220744398,0.28554971967796333,0.6016833173877852,-0.34778501535256545,0.04725304140197834,0.10470820921877895,0.33662094915285734,0.4844475115071659,0.6241923503781881,-0.06871152053632401,0.6427642570046475,0.43993818498658216,162.6207527350453,38.78650243934714,15.435593010150955,True
Ausgrid 27,842.5668283269008,608.0643427562268,760.3673351596286,4741.581,4522.503699541076,5643.240823203223,554.73,83.10932706570003,1189.4207662009726,607.7717427573185,607.7717427573185,0.0,705.3016666664521,0.29259999890826216,5.0920000000000005,249.39727654357438,760.0747351607204,760.0747351607204,0.0,705.3016666664521,0.29259999890826216,5.0920000000000005,263.45307181143306,0.0,794.3873169070756,45.817664250000014,662.026105211811,208.9943435000023,794.4103524975604,45.8022146591163,742.2075634282431,138.8716199999996,709.4240605701741,172.93015625000254,723.1332516421921,187.85415739923874,744.9074309256205,133.96795199999963,0.0795644291158444,0.13907387383226322,0.4648084133238259,-0.13806377717420282,0.0613565608049724,0.06947565757864599,0.39117025684857254,0.5626317970685518,0.6026089537056212,-0.1357889630632152,0.5504054082982139,0.5979458929548044,152.30299240340184,27.831915248352416,9.755842552037931,True
Ausgrid 156,1013.9682321960803,746.3566619354433,945.4548112049288,5853.852,5479.677752140253,6920.38423505569,712.1859999999999,49.921362707300034,1500.057422828142,746.064061936535,746.064061936535,0.0,705.3016666664521,0.29259999890826216,7.434094179999999,284.0328315399758,945.1622112060205,945.1622112060205,0.0,705.3016666664521,0.29259999890826216,8.725999999999999,274.84503834650553,0.0,940.9217778673138,62.57139699999982,795.7718092636097,248.63779475000146,940.9550703049689,62.54185734831549,895.5613528108877,162.86216875000162,856.2589489418101,205.48723300000273,869.5855150763099,204.30778937045116,895.8738550686161,157.54501650000114,0.10560292597541811,0.1931024725417858,0.4423694331737577,-0.16814888296264718,0.08127958242982168,0.0953243066497833,0.5719560277795311,0.8396244597441361,0.6927180569227832,-0.662693218207661,0.7183640056823426,0.5813060046978109,199.09814926948548,26.392500451521688,6.756959322360945,True
Ausgrid 180,647.5545848154048,394.09163211331827,537.6147152241937,3270.559,2612.4751019311852,3679.5689602101065,1022.7570000000001,148.7036314699262,1214.6046752355144,393.79903211441,393.79903211441,0.0,705.3016666664521,0.29259999890826216,5.066,213.7611668248369,537.3221152252854,537.3221152252854,0.0,705.3016666664521,0.29259999890826216,5.066,214.92339643406922,0.0,550.251658764113,84.98097475000002,458.11448060001965,178.0801270000003,551.4499706419408,84.49004990288313,511.75627545191384,138.7999782500004,468.4304760615757,177.15184700000015,497.6284643511074,156.13283480371103,514.4699203456419,136.63701225000028,0.10327688879717467,0.19975441772070945,0.515636006563105,-0.17730758532174407,0.06241474566130787,0.06966028361151737,0.3478377416878635,0.5315210629705134,0.7613183314246235,-0.1757573368376495,0.7751238466446456,0.4448144565936968,143.5230831108754,39.141557892658575,16.97769920392907,True
Ausgrid 21,1558.229745569507,1202.5353959251756,1362.7987863827127,8193.731,8176.193764312053,9153.072631534811,321.28099999999995,11.599200000000032,1011.8921235343391,1202.2427959262673,1202.2427959262673,0.0,705.3016666664521,0.29259999890826216,7.54,287.98305335628237,1362.5061863838043,1362.5061863838043,0.0,705.3016666664521,0.29259999890826216,7.62692842,265.16935758850695,0.0,1526.714028871814,29.375610249999973,1288.5580966567422,225.79178624999992,1526.714028871814,29.375610249999973,1436.7273043863079,156.57891499999965,1377.4994089265463,181.3742877499999,1382.5539451626726,221.4272105999937,1436.340885996706,153.46157399999998,0.09527085338789656,0.18449876114122452,0.5939701978029457,-0.16470636559241192,0.07539630780142356,0.06979354625987576,0.6933723693453272,0.9461894803983318,0.6546942159105006,-0.02959424470388128,0.6033696826849098,1.0328144355352655,160.26339045753707,22.826823236796255,12.541857819263202,True
Ausgrid 290,933.7796010696319,643.8168741821901,801.8972420146995,4534.246,4543.925693949486,5538.300942519907,274.671,18.69265749773153,1020.8459950392441,643.5242741832818,643.5242741832818,0.0,705.3016666664521,0.29259999890826216,7.886,262.175667052096,801.6046420158473,801.6046420158473,0.0,705.3016666664521,0.29259999885218096,7.6502064800000005,254.59701625717895,0.0,906.2368270690212,25.169057750000007,693.696951435283,213.9752865000001,906.2368270690212,25.169057750000007,828.3420246741132,141.18816724999988,786.3476872437626,172.07086524999994,802.8909872149559,182.71014350731372,828.2281622154596,137.77588374999985,0.0798630598212966,0.14497017842034446,0.53405670954886,-0.23533814454747226,0.05510043591491854,0.061489712890946,0.3746286309533978,0.6166716889168476,0.589230260323011,0.05365710816831171,0.31756489268348287,0.4379817406511955,158.0803678325094,31.052587415198772,14.123499689205348,True
Ausgrid 66,354.52348430755376,164.53434607386794,282.18840833196987,2171.043,1521.7386417382068,2354.6770956881487,1009.2339999999999,164.51161685124123,1022.9592433103251,164.24174607495968,164.24174607495968,0.0,705.3016666664521,0.29259999890826216,2.6260000000000003,193.73668130788786,281.8454339756474,281.8454339756474,0.0,705.3016666664521,0.34297435632246315,3.3851174600000005,169.45477924441525,0.0,266.16433270057456,80.03942649999928,214.54051925747325,174.13138450000585,266.47425115103476,79.85264791816091,255.54722575343771,126.81004025000243,223.64247428890218,167.66815425000567,259.3103172258024,137.6972742423058,253.3533277673961,130.06409125000275,0.09843663261503294,0.18686639257525,0.4795359498142808,-0.23906666279801936,0.06867549044192289,0.07688181429302969,0.20693777544179143,0.30947691027934565,0.6124206466688332,-0.1558182321054462,0.1609518338220502,0.26665102776284433,117.65406225810193,53.590000844307326,20.403465264612,True
Ausgrid 240,528.4900683670808,321.72073434790065,472.1289858193689,3184.9710000000005,2680.7456845543365,3716.46652490179,821.888,131.8402022029502,1187.804546158824,321.4281343489924,321.4281343489924,0.0,705.3016666664521,0.29259999890826216,4.226,184.3871784057551,471.78854461511906,471.78854461511906,0.0,705.3016666664521,0.340441204249834,4.226,165.20710441520401,0.0,458.8283690256937,67.97477850000001,400.5863736818335,155.97566649999962,459.10244138239426,67.72060919179093,427.2291468654824,122.79765124999967,393.48661063162405,160.66806299999985,440.3282272843227,107.1169362459415,429.10086181101826,121.27596224999968,0.08145041226863797,0.14522107292300154,0.5272101172364718,-0.31373084006906216,0.06483631614742479,0.06971388809753341,0.34028557051604824,0.4777784842405006,0.8020843574450691,-1.1817679840563797,0.600745245640354,0.43765832981450503,150.40825147146825,39.124544886539184,10.664549046655758,True
Ausgrid 113,811.0706608864409,533.364187804094,687.1738019284121,4569.722,4113.614654968739,5176.495771711091,768.287,32.00350469720004,1097.55695776017,533.0715878051857,533.0715878051857,0.0,705.3016666664521,0.29259999890826216,5.816,276.3215215493533,686.8812019295038,686.8812019295038,0.0,705.3016666664521,0.29259999890826216,5.816,273.7177067216254,0.0,736.3887457445308,69.38438150000005,583.9501340545555,245.55423625000057,736.4095351851595,69.36596428543727,684.6186730698215,158.6506530000002,641.7683699901382,205.3747140000005,662.6646971310006,207.8915222266403,682.8488214970339,155.39253450000007,0.11019351393722276,0.19505099513381577,0.47318298497947625,-0.14094207333845277,0.09694635204777033,0.11816217394039828,0.31167273781893506,0.44933695159103254,0.46739393894105047,0.07052046595837458,0.37560888170978995,0.3888861479156169,153.80961412431816,34.239491880871896,15.275717016149816,True
Ausgrid 67,665.7766432781602,328.7296527726636,494.29234835650175,4470.205,2841.768545789223,3992.6972849568015,2399.488,468.69441931846814,1612.340004887114,328.43705277375534,328.43705277375534,0.0,705.3016666664521,0.29259999890826216,4.140000000000001,297.933754712687,493.94937399923884,493.94937399923884,0.0,705.3016666664521,0.34297435726289,3.58213982,305.60334984710175,0.0,482.5154292141177,177.70860800000028,414.45608882388984,285.3314510000004,487.5284373291281,172.41262497675459,516.3806998640547,194.93553325000047,455.4939398392587,262.67757449999993,531.1608560287092,211.96693970413963,516.5502933320821,187.23329500000034,0.23869310955813927,0.4058790991273944,0.4512427784873932,-0.10864297038847415,0.20920851476702162,0.22127774982731543,0.286621795830487,0.3970806891353592,0.3744969491999403,0.14324592081527698,0.2802343838243035,0.2921953249824256,165.56269558383815,50.62463423858488,25.757030777965074,True
Ausgrid 5,567.6693208055038,394.11077536592603,518.6769839844407,3203.059,3025.037796609806,3938.3346789399984,493.563,117.50672683501503,1034.465498415861,393.8181753670178,393.8181753670178,0.0,705.3016666664521,0.29259999890826216,5.902,196.2866226055389,518.3843839856694,518.3843839856694,0.0,705.3016666664521,0.2925999987713005,5.902,192.71862801167975,0.0,527.7612634151279,37.59595399999919,438.3914391855234,167.43282224999845,527.757368590124,37.59541240191485,485.8111892077729,122.41048924999798,462.7993940489531,149.17038299999817,484.2985039122996,145.15162165289024,483.13731836360085,118.63337449999806,0.06814791412138409,0.11710733052461185,0.47226775878344945,-0.16237891920325076,0.05649375791136136,0.06082099176693417,0.3175822471555441,0.514922947697454,0.7001333527993215,-0.15626670956538358,0.22591365500657443,0.567043674586579,124.56620861851462,30.573881497295652,8.630435893830708,True
Ausgrid 158,1060.8643367644122,652.877969256527,829.0382683084094,6029.782,4861.1728916228185,5919.75493853459,2108.627,598.1263470912237,1667.284315429227,652.5853692576187,652.5853692576187,0.0,705.3016666664521,0.29259999890826216,4.774,336.4544699569797,828.6952939509661,828.6952939509661,0.0,705.3016666664521,0.342974357443403,4.774,326.72291501063955,0.0,909.2778393331455,137.93174725,718.7027128534659,292.9821480000001,913.8106778631503,133.63619600802792,882.7206884271963,196.03399925000014,798.9277506265255,255.09098075000014,863.8319894614366,244.27194153929753,872.7770356200868,195.9893972500001,0.3022919677746217,0.6031909588057504,0.8636668293188308,-1.2178501870256944,0.20785206393536954,0.3604072062447988,0.35096684215654195,0.5008975991389493,0.44001188699222205,-0.6375232420838362,0.25010557443935294,0.4067895845066738,176.16029905188248,38.4579209017644,21.85256497197952,True
Ausgrid 1,541.9531519645622,179.87717583871253,404.60817358496485,4017.9990000000003,2113.9480357309862,3494.1047225968728,3862.8379999999997,1680.8249817965789,3064.664570600792,179.58457583980427,179.58457583980427,0.0,705.3016666664521,0.29259999890826216,5.336,274.1641968202013,404.26519922752146,404.26519922752146,0.0,705.3016666664521,0.342974357443403,5.336,271.1489172489447,0.0,329.6337825488021,200.65038574999986,269.3967111177828,257.9885887499994,343.5182871930788,190.1224724389126,368.976732746742,185.37123325000013,301.24053195982646,249.52658049999985,424.02908073719584,136.85274451235125,368.1664226817156,185.13549600000013,0.2893493473093777,0.5241194135649198,0.49490814657147203,-0.11230192647589377,0.18696604024303842,0.20457371587453238,0.4411655081941924,0.5977996759183118,0.7323889303504804,-0.1022459428209237,0.7002926082811354,0.5142092047243848,224.7309977462523,66.80946034049921,25.34259241444142,True
Ausgrid 204,593.4873882519955,333.1728606002182,470.46401020238255,3410.782,2791.9870415643018,3890.9546813421284,906.307,26.62155740030005,1127.5280953252454,332.88026060130994,332.88026060130994,0.0,705.3016666664521,0.29259999890826216,5.12,257.5303597187829,470.1714102034743,470.1714102034743,0.0,705.3016666664521,0.29259999890826216,5.03341618,255.64117682622674,0.0,505.9837237519719,82.17420675000008,376.50152562049936,245.12664924999936,505.9837237519719,82.17420675000008,474.00205237278533,155.07288399999993,428.776817887192,211.4412617499996,469.4807058967313,177.49483955857937,473.29669413101124,151.60326499999934,0.12473000592532253,0.21624729926376624,0.47180155945426555,-0.08138306115451255,0.09980308028670871,0.11570020055948176,0.2194836587394678,0.386150461943238,0.3988664005639707,0.054969029154048776,0.20985879967434565,0.2222312870014076,137.29114960216435,43.86184657073916,20.728895084351326,True
Ausgrid 247,569.5632271635001,353.95707830331435,511.98828104305994,3099.6980000000003,2881.2823523773677,3916.3813731466116,455.286,30.74669233580003,1062.0150532964217,353.6644783044061,353.6644783044061,0.0,705.3016666664521,0.29259999890826216,3.7479999999999998,204.16781313557757,511.6956810446875,511.6956810446875,0.0,705.3016666664521,0.2925999983724665,3.7479999999999998,207.9002508899125,0.0,526.050540348154,41.46956149999998,416.70944040116217,188.39657149999954,526.050540348154,41.46956149999998,475.5719377209382,126.363048,437.6424305601561,169.86521324999978,461.10052208262755,133.2461362770688,469.6198869721417,128.24919124999994,0.07532195914740022,0.13814792052415284,0.5845154793766889,-0.2643361331272016,0.05213058243641356,0.05903207377466489,0.3167813705285906,0.46026391362067814,0.7354425185299268,-0.09680646313549102,0.4800647109001793,0.48314197708936796,158.0312027397456,37.854646960607475,10.108613648948326,True
Ausgrid 137,994.0694963328644,704.9967846365672,865.1299725524884,5156.477,4851.295573087955,6043.804209706014,603.538,16.25855910200005,1221.7644289321536,704.704184637659,704.704184637659,0.0,705.3016666664521,0.29259999890826216,6.271999999999999,278.1941067998235,864.8373725535802,864.8373725535802,0.0,705.3016666664521,0.29259999890826216,6.271999999999999,265.5301360762156,0.0,935.6663295663647,54.69844450000013,768.247656050956,230.7110082500007,935.666880684538,54.697927159300455,868.663477636058,156.1623217499999,821.484231011977,195.3882399999998,829.8360615585977,214.6221063758156,872.7568084024425,154.2702684999996,0.14453951890119376,0.2560706215007819,0.47413057908402106,-0.18271168374597413,0.10079980322601882,0.11156119986180894,0.4061999424514299,0.5750053746385867,0.4926062230564005,-0.001933155079515636,0.5925842314575029,0.4597734738258214,160.1331879159212,29.07972860677149,12.970876206948875,True
