dataset,cost_no_battery,cost_oracle,cost_prophet,buy_no_battery,buy_oracle,buy_prophet,sell_no_battery,sell_oracle,sell_prophet,gross_oracle,energy_oracle,power_oracle,fixed_oracle,termadj_oracle,peakkw_oracle,efc_oracle,gross_prophet,energy_prophet,power_prophet,fixed_prophet,termadj_prophet,peakkw_prophet,efc_prophet,efc_no_battery,cost_self_consumption,efc_self_consumption,cost_fixed_schedule,efc_fixed_schedule,cost_delayed_pv_charge,efc_delayed_pv_charge,cost_price_threshold,efc_price_threshold,cost_price_rank_daily,efc_price_rank_daily,cost_peak_shaving,efc_peak_shaving,cost_self_consumption_peak_shaving,efc_self_consumption_peak_shaving,cost_tariff_arbitrage,efc_tariff_arbitrage,cost_price_oracle,efc_price_oracle,gen_mae,gen_rmse,gen_nmae,gen_skill_vs_naive,gen_mae_first_month,gen_mae_last_month,con_mae,con_rmse,con_nmae,con_skill_vs_naive,con_mae_first_month,con_mae_last_month,regret_prophet,gain_oracle_vs_no_battery_pct,gain_prophet_vs_no_battery_pct,baseline_positive
Ausgrid 138,451.1957720824002,410.68119553776427,461.840249718336,5965.689,5535.607162935205,6249.999809514135,2546.1800000000003,1967.7341174798391,2671.8678085154706,410.7652499783004,387.7861260344997,22.979123943899996,138.02406105930802,-0.08405444053615685,7.176,143.6034181740109,461.8463374237004,430.6665040014004,31.179833421899993,138.02406105930802,-0.006087705364415699,7.586,154.48647497723977,0.0,416.235198130196,63.37994450000033,434.6793561858169,165.6105416499988,418.140993043197,60.29639404779025,434.37545591143015,111.30475823999977,424.23429037979594,139.38174888797963,445.52433108391784,10.472092632000004,425.16327549229584,48.83842913907778,430.0776382470952,144.5533494264008,433.80618636709676,104.65941344874857,0.3091188114532364,0.6583262555200786,0.6682530037124103,-0.7374169915892939,0.04524314364882497,0.28690811715127174,0.6677767500371513,1.0742948466421849,0.7829187099789828,-0.08329070898800417,0.4660022505979051,0.22903741335546995,51.15905418057173,8.979378587181643,-2.359170518555267,True
Ausgrid 127,322.0287571848022,296.8872501639077,324.30082626993755,3740.375,3581.615588941361,4074.290464743257,285.355,25.28169001200002,526.9423896178425,296.66374280119993,279.75477761709897,16.908965184099998,137.47113976051384,0.2235073627077521,4.743000000000001,101.25930501131604,324.0539553995023,308.5054262098019,15.548529189599996,137.47113976051384,0.24687087043525796,4.634,92.76973072024728,0.0,307.5245538244448,26.133288749999974,311.81196524768455,215.2217785095003,307.5245538244448,26.133288749999974,308.94722014975883,136.94697460987516,304.4780680092439,172.97722553824957,303.5812834172404,20.48748295110735,294.90224821397925,40.15985328856108,302.36542932294395,181.5554387549672,308.77102156134396,133.54612884999977,0.08011630436425973,0.13956218826057734,0.452141964278596,-0.1269219641618804,0.06948271599393181,0.0731622042753028,0.27335405617507574,0.438463167437699,0.4782248888743982,0.21225066186006358,0.29041897808373307,0.28635005710279515,27.413576106029836,7.807224187269267,-0.7055485059775184,True
Ausgrid 65,423.7855451728988,377.0878301308323,423.66535670526815,4949.204,4396.785744083863,5184.428069353211,790.739,99.45237246400004,910.8893203107331,377.00448961780165,348.7653152322015,28.239174385699997,185.78888125867752,0.08334051303065455,8.180895008,136.25594158966243,423.4858852712994,394.5097142290994,28.9761710423,185.78888125867752,0.1794714339687283,8.204,114.16527181876896,0.0,384.46701757144547,71.74419474999988,397.45382376728406,230.09257246624935,384.4951502572455,71.69521807801831,401.7001923162243,151.91616365264886,392.5417448698435,193.7471828200002,406.9292933382171,23.220268859857192,376.50477460378073,78.29050519677018,398.1932992641454,187.18156000611742,399.755377742442,149.2355594955,0.12974284464314256,0.2205587200041776,0.5028016005253555,-0.1824783246378363,0.11175110980990763,0.12145179081688519,0.41237207755474187,0.6431886652119221,0.5627728701205439,-0.06341346936635195,0.7606151664215816,0.751653052404559,46.577526574435865,11.019185428567296,0.028360681245424204,True
Ausgrid 148,513.1878360883985,450.8529216260169,507.8913828395978,6218.915000000001,5499.804678450839,6429.406378937621,988.8919999999999,113.0444084086825,1043.4926563932943,450.7821147948011,434.24885524490116,16.533259549799993,202.55064172670836,0.07080683121583277,6.572,153.52404750205173,507.76360551339894,488.5807872541999,19.182818259400005,202.55064172670836,0.12777732619886326,6.572,153.3474502305197,0.0,460.1569137721422,89.24803975000019,478.5169440842827,260.7233299100015,460.16700139424216,89.23087962976828,486.21673904517587,165.11112095000036,471.16863650774195,213.25474319000077,494.2703011684223,17.605204138215896,455.5286676739807,90.67675434861202,482.5750803083431,192.98353868992803,486.3057167564415,160.24028215000016,0.10735366838576402,0.18855601448116235,0.473523018373735,-0.09960845042771282,0.09163121463110563,0.09596112387118252,0.5834251503352126,0.8273526816045437,0.7082574698229278,-0.22670981883950425,0.9235194043558526,0.6801778422935707,57.03846121358089,12.146607943303668,1.0320691326534865,True
Ausgrid 223,287.1873527772993,238.395866653656,288.0035047951346,3304.7740000000003,2853.379664893796,3676.579765203309,723.391,137.73961920610003,943.199858583965,238.16456361809944,227.90959617789983,10.2549674401,210.77897510239706,0.23130303555654394,6.864,133.44645933913804,287.9290723650992,277.118661121099,10.8104112439,210.77897510239706,0.07443243003534117,6.864,148.94648595254708,0.0,251.22800117844363,64.5855217499998,264.0454969499851,188.74289951520038,251.23656462354356,64.39202813806244,268.07884796709635,138.44820305000013,259.30532635104447,177.18513895000052,269.9236875047411,17.501761852301442,245.98159438305836,69.48288967015661,261.69244023234427,166.73498184751142,268.9383764862443,138.0949281087502,0.07069416439173425,0.12764946163528051,0.4731553630042602,-0.15502137419071782,0.04840654372816343,0.053614894192559284,0.3736769904459165,0.5939819898857646,0.8414471787050918,-0.12263534026752221,0.6712649005796805,0.45653922873188213,49.60763814147859,16.98942716376472,-0.2841880082609981,True
Ausgrid 179,295.5339048137975,261.4242429117501,294.7806998045865,3448.159,3189.2851860477526,3777.997069027052,403.714,42.32619378033751,629.9714091039781,261.2363593021993,253.58372875369906,7.6526305485,147.0385154201167,0.18788360955087074,4.838,102.02327867797449,294.7009332422978,287.6269695641982,7.073963678099998,147.0385154201167,0.07976656228865896,4.679763168,101.83237647908689,0.0,273.51679092504304,36.81518850000009,287.2275727285044,192.70488454999932,273.51679092504304,36.81518850000009,281.30901415206404,135.56326299307563,276.9098809074213,167.84906237262473,287.6624492942158,17.605058110451992,272.53607232388,48.87695585932313,281.16801968303946,157.40492769624194,281.72903624564316,130.8079668000004,0.07701941530567921,0.1350218296218559,0.5099555629039474,-0.15712995663957452,0.05989088789680995,0.06724718798644701,0.3310780834877045,0.5037280548121171,0.6640540273210723,-0.10205794336517804,0.6740484434036963,0.5963645115305581,33.35645689283638,11.541708530376008,0.2548624699036009,True
Ausgrid 261,227.36173808709967,198.89048514782718,226.4747819223855,2636.215,2280.0961128577037,2711.506423059234,530.0060000000001,85.44877637102503,538.3431693971712,198.85718414379983,175.78086055259945,23.076323591299996,116.66619999159944,0.033301004027352324,5.59177842,86.54960526478435,226.17605135419979,203.52238660810002,22.653664745599997,116.66619999159944,0.2987305681857172,4.974,68.63661028962106,0.0,199.70267370874336,48.21304150000012,217.12074324617782,159.68892344999944,199.70267370874336,48.21304150000012,210.66890567283897,114.06022236272443,205.7450040547959,145.23628072999946,207.7910343645326,17.039692587826423,189.39987015928006,58.74368207003637,214.40018926352548,112.28785081259434,206.1370800656444,107.69918309999943,0.07965116578547544,0.13773743497360957,0.48566837451712214,-0.1471923966215538,0.06336926478620666,0.06710468750915731,0.27801331236800964,0.45368861958550516,0.6874064824558584,-0.1525149442144722,0.4219985224478972,0.3692415154211128,27.58429677455831,12.522446907212453,0.39010792764717306,True
Ausgrid 142,233.91212771990013,153.79314799512807,202.77928505762307,3082.336,2038.737669384499,2795.393720884655,2034.358,836.7107589675452,1610.6925942208018,153.46699923730043,139.70398582170057,13.763013415200003,122.02051898779183,0.32614875782763686,4.948,153.8100508063796,202.43631070049912,184.83908411690007,17.5972265837,122.02051898779183,0.3429743571239581,4.948,137.11996953475858,0.0,145.4086625842438,151.8776704999996,208.5993500826537,204.95646053703936,146.8115929243435,149.53485093006762,204.84470471414386,158.05081561399953,177.50137015234395,211.8540296872489,208.625122085338,22.652481754668475,161.0265698532808,113.50654776272668,203.25309969694337,165.81390323125873,198.90092858984303,159.1608464899993,0.1681428717651974,0.29154964752668583,0.48518568575211524,-0.1171046734483272,0.14566657774725805,0.15638416475470018,0.29258683783447537,0.4516744282580489,0.627618451161031,0.0953477695079753,0.5283015098668837,0.43544410328374566,48.986137062495004,34.2517425264547,13.3096316833804,True
Ausgrid 128,369.48429895639947,349.64809985134855,378.9020238572489,4365.071,4299.734675427377,4733.030522243947,187.64,19.873975814000016,457.9173658886822,349.5297736976989,335.8809702492995,13.648803448300008,120.8975737748801,0.11832615364966627,5.234,101.14968158039719,378.77856441429964,362.59588301149995,16.182681402700002,120.8975737748801,0.12345944294925516,5.234,96.58227985714036,0.0,360.0234843032422,17.31451,368.13980465898294,211.54985529999993,360.0234843032422,17.31451,363.2058325643433,138.44739004000002,356.3077843545422,169.00207274999985,359.8806025012867,15.194402274754202,354.0150626308462,28.232747057785748,356.6521294889419,180.60957520973207,362.16148708944337,134.97522697499954,0.09944699978778886,0.17322371620179366,0.49318536160331344,-0.17411969316750864,0.07537545753835197,0.09130312683102475,0.32499874038370086,0.4459085310423622,0.4789832805689037,-0.6060021761843786,0.2753409123518385,0.3566206669924405,29.25392400590033,5.368617600552404,-2.5488836541768003,True
Ausgrid 168,189.81072060170106,145.84162932304736,185.29176091557585,2330.559,1773.4193961639771,2401.564601008841,782.124,119.52528827395273,766.0568899750338,145.55316983719993,134.78464648789964,10.7685233494,112.69114797328527,0.2884594858474214,3.4019999999999997,106.03729000465214,185.00692655620048,171.82332430180026,13.183602254399998,112.69114797328527,0.2848343593753569,3.4019999999999997,88.08109045017045,0.0,150.2586238396437,70.96669100000008,170.789834536684,176.81491081400125,150.2586238396437,70.96669100000008,172.09342225249492,128.93013489559988,157.03816003734346,166.8147265478402,177.81138714445478,17.941479596360196,146.97175493062372,75.87395296156755,176.97148350934356,136.40315290746793,168.50249691734317,127.487885271875,0.08835353244571194,0.1513592234270246,0.4716070361871303,-0.14239633510764738,0.07261436401388238,0.08001945775989916,0.2223173481234736,0.3250753146293306,0.610581373665971,-0.0786043493989328,0.29143885497497785,0.25678031166199217,39.45013159252849,23.164703837207632,2.3807715769689333,True
Ausgrid 249,472.18058323940255,433.06205621321783,473.80984034074737,5669.514999999999,5262.217954524716,5916.58579232815,591.292,28.925278623000025,682.9901944992012,433.032790571802,418.83930295010197,14.193487621799996,171.73372019862393,0.02926564141578571,5.564,151.42653210496132,473.73422443190213,457.204529705602,16.529694726299997,171.73372019862393,0.07561590884525816,5.3919999999999995,152.2490874123229,0.0,441.9472810562458,53.74410299999996,453.1875026047846,244.12075184210076,441.9472810562458,53.74410299999996,451.7171489477454,162.50859209999967,445.49820052034215,199.4618695312501,457.93013582911453,23.02309733698403,439.7802420838826,61.612646551715,444.16114576824407,225.35039975623735,453.64653773774404,157.27511940499986,0.10762490065043352,0.19744035685454633,0.4685364157624611,-0.23958401060489587,0.0786221531634761,0.07834976919724664,0.38253414165205846,0.5383692668521257,0.4726084582230131,-0.16488662979261193,0.4615680359723974,0.4833456317418819,40.74778412752954,8.284653883438288,-0.3450495761954621,True
Ausgrid 81,174.20151337259924,126.68079902552698,180.48082627659085,2470.9849999999997,1594.9943257967766,2439.7341424559963,1453.213,462.0836363461947,1309.608162624192,126.35028366289976,105.22672473269998,21.123558930299996,73.75000194650508,0.33051536262722214,4.6240000000000006,115.9472136886283,180.35687303279948,155.53535679229984,24.821516240799998,73.75000194650508,0.12395324379135861,4.232,110.88352160121076,0.0,114.29506826195028,113.83088499999812,138.94024110671802,123.78304584999864,114.63087824941547,113.39322346315605,147.339613709559,89.5258557999981,138.00273766403186,110.21501517999896,126.17470833165945,83.96991941237562,111.83142538256281,109.83682615257969,161.0127639128321,63.09108975472691,145.1419313185453,88.15522102344822,0.12253455182529224,0.21817287133784183,0.5521033645557929,-0.17526140467099016,0.08742267334100913,0.09776781123968803,0.33778468679976026,0.5156546680722263,0.9989925166108257,-1.5748830956841249,0.24148890767877637,0.1551041135279704,53.80002725106387,27.279162750687647,-3.604625919960179,True
Ausgrid 104,1019.2024759552031,987.1090460247451,1027.5650703829265,12190.554,11967.60511249222,12676.53114805073,382.53499999999997,22.39135317600002,728.5745744855753,987.0042583326012,944.5801415988019,42.424116733700004,230.47829838183418,0.10478769214392877,12.144,134.86928107201166,1027.3892474594954,983.7940410285981,43.5952064309,230.47829838183418,0.1758229234309631,12.144,138.35004737597703,0.0,999.1374294798452,34.90378374999993,1012.7065563202854,218.3533891100003,999.1374294798452,34.90378374999993,1009.4906214182439,156.11609934277527,1002.7034940823436,179.9905131215002,1006.0554048793124,49.5521648264879,992.5701014025192,70.31684914366505,1000.708246173042,217.71207881154436,1007.381073167647,151.05220512999958,0.11572332966589863,0.19831968137297754,0.4903744396587151,-0.2764711477418238,0.10079058624297124,0.10489908211373518,1.2231796807515634,1.8089353565694213,0.7722400595319993,-0.327015952271718,0.9467490767036093,0.7840368972809517,40.45602435818137,3.1488767627237,-0.8205037394444993,True
Ausgrid 172,302.47135781120187,269.17427878368994,302.9116346251705,3466.299,3201.9554737776753,3747.936377629686,467.297,87.15932641195002,643.3692775778613,269.1197639120008,252.24200075810066,16.877763154,138.12174211489818,0.05451487168917161,5.592,113.44536894424694,302.78586689050155,285.41353236890143,17.3723345214,138.12174211489818,0.12576773466896146,5.592,104.28936195214983,0.0,279.858618106945,40.30952950000021,292.35816435708455,191.27561915000146,279.85081542704506,40.30952950000021,287.7208025551439,133.58356915000013,284.20796440794356,163.9395294983762,289.19710317160246,23.37876075769225,272.79214934018177,52.5551727983043,288.2810892776429,164.68360252856792,286.78635098094355,130.68248425000007,0.08867089960542208,0.15649003408531176,0.5898424852386932,-0.34553250995779794,0.0691700299050568,0.07106840532038258,0.31242991342573534,0.4619820890791877,0.6341416040417708,-0.10003767760176241,0.44612335100208644,0.4288495193582569,33.737355841480564,11.008341175991768,-0.1455598365262246,True
Ausgrid 29,304.52695158409904,251.88395638586672,297.11862820008747,3680.29,3092.0267463999908,3790.011328019046,1039.942,299.3782443179463,1006.0925194645336,251.83633484709878,242.58068990699962,9.255644939900002,145.45526784909487,0.04762153876794157,4.696000000000001,148.93722686008368,297.0423523475992,285.0527370252998,11.989615322499999,145.45526784909487,0.07627585248824083,4.67060104,140.75741722358572,0.0,253.37085772004244,90.3545420000003,283.9392717655846,210.03661581999896,253.7844640745425,89.80538471097027,281.4422922503437,157.56654014999967,266.75353842684365,197.74241178012426,293.57907562346566,17.619249358949897,256.26494743768325,92.41191080670748,277.52500099544363,194.16557004665088,281.29644730574364,155.29001888499974,0.14312892207443978,0.28554971967796333,0.6016833173877851,-0.34778501535256523,0.04725304140197834,0.10470820921877895,0.33662094915285734,0.48444751150716586,0.6241923503781881,-0.06871152053632401,0.6427642570046475,0.43993818498658216,45.23467181422075,17.286809894622504,2.4327316007580575,True
Ausgrid 27,403.0379957380991,365.05820203662927,402.8319288642211,4741.581,4412.550816126973,5015.545687951352,554.73,105.32064366201502,716.5555906433655,364.9470138114981,347.91113367219873,17.0358801393,144.7433659465784,0.11118822513116951,5.0920000000000005,118.55769210187763,402.51295653389883,383.65107846109896,18.8618780726,144.7433659465784,0.3189723303222368,5.0920000000000005,112.89319087051096,0.0,377.9726268105416,45.817664250000014,390.0045822045825,208.61508763975218,377.98536479504133,45.8022146591163,389.48822785374176,138.20958001749955,380.56634446094273,172.27912054225246,381.6462936985523,19.078836598012806,365.432836383358,60.1292284302541,384.29083547834165,187.69172593954198,390.66150921304234,133.35515905899962,0.07956442911584438,0.13907387383226322,0.46480841332382583,-0.1380637771742026,0.0613565608049724,0.06947565757864597,0.39117025684857254,0.5626317970685518,0.6026089537056212,-0.1357889630632152,0.5504054082982139,0.5979458929548044,37.773726827591815,9.42337797008839,0.05112839882518339,True
Ausgrid 156,495.56604497429834,446.2928413930854,495.11204848279334,5853.852,5340.342590960843,6152.853080541735,712.1859999999999,60.373935205300015,891.1630212811639,445.96021222499843,421.448405950198,24.511806274800005,196.52963812490435,0.33262916808693554,8.326,138.54128422388408,494.7739603368002,469.3024186476997,25.471541689499997,196.52963812490435,0.33808814599315035,8.326,120.79348526577819,0.0,460.88465958744143,62.57139699999982,472.45907861408296,244.5222704768014,460.90245621684136,62.54185734831549,474.6880657798722,162.53053050000153,464.75320552204363,204.81664029300276,476.5910724717644,21.94270791293437,451.390452671921,80.69192102205957,460.7604185572418,204.26779197728038,472.0112425886427,157.3811972565011,0.1056029259754181,0.1931024725417858,0.44236943317375765,-0.16814888296264696,0.08127958242982167,0.09532430664978328,0.5719560277795311,0.8396244597441361,0.6927180569227832,-0.662693218207661,0.7183640056823426,0.5813060046978109,48.81920708970796,9.942812684789255,0.09161170263966344,True
Ausgrid 180,274.4859912251997,229.98243276658124,277.31304474380573,3270.559,2775.6962342492466,3464.162729835748,1022.7570000000001,394.45077707870007,1084.9739550973027,229.8960228580995,214.4726160847991,15.4234067739,147.30152575219597,0.08640990848173291,5.102,131.00505277633297,277.27008419239723,255.33129630879696,21.938787883699984,147.30152575219597,0.04296055140852344,5.376,128.50671340962026,0.0,228.02433171574307,84.98097475000002,249.1933064208835,176.7554988700002,228.4539296657432,84.49004990288313,250.84734850964338,137.86117528000042,242.03551998734284,176.22819717851016,261.63293640752704,26.503550042905488,229.32831718976684,84.82642302731506,249.6525498029423,155.8672775988441,251.6119266677429,135.04038902800033,0.10327688879717464,0.19975441772070945,0.5156360065631049,-0.17730758532174362,0.062414745661307856,0.06966028361151737,0.3478377416878635,0.5315210629705134,0.7613183314246235,-0.1757573368376495,0.7751238466446456,0.4448144565936968,47.33061197722449,16.21341703449846,-1.029944554178209,True
Ausgrid 21,693.419541878801,659.3221759327116,697.7914030461964,8193.731,8030.793345639132,8631.49734647775,321.28099999999995,16.40376265500002,629.4285917199617,659.0373943948015,636.2024613864018,22.8349330084,237.2693594355162,0.2847815379101364,7.41,141.54051842553082,697.6384799926999,672.4274032838006,25.2110767088,237.2693594355162,0.15292305349646473,7.62692842,128.03524549800613,0.0,676.7609931194434,29.375610249999973,682.2983195307878,225.61135844999998,676.7609931194434,29.375610249999973,686.1747961344491,156.5264323999997,676.1304379692457,181.19424802499992,677.1072513665342,16.915866332110006,666.2459614969856,40.953265620974264,676.9910018677448,221.3796487949635,685.9263616561457,153.41855138,0.09527085338789656,0.18449876114122452,0.5939701978029457,-0.16470636559241192,0.07539630780142356,0.06979354625987576,0.6933723693453272,0.9461894803983318,0.6546942159105006,-0.02959424470388128,0.6033696826849098,1.0328144355352655,38.46922711348475,4.917277908508833,-0.6304785059200773,True
Ausgrid 290,397.403433106,367.63587450304175,399.6843601427864,4534.246,4401.1669736490485,4889.79205377555,274.671,25.482264369400017,530.4534868268549,367.6724960416986,344.08361332109945,23.5888827204,182.3355448582965,-0.03662153865683782,7.886,112.71583579017769,399.5647420428001,373.387020929099,26.177721113300002,182.3355448582965,0.11961809998625841,7.886,98.56661185461512,0.0,383.50951052754135,25.169057750000007,394.65090957918375,213.9752865000001,383.50951052754135,25.169057750000007,390.1236853808582,140.90173179999994,383.7149714006434,171.25469476410552,378.73213447151693,14.937892694021983,372.95372439257864,35.73835545589989,382.966762757642,182.57550227368733,388.0118446775427,137.65698839999988,0.0798630598212966,0.14497017842034446,0.53405670954886,-0.23533814454747226,0.05510043591491854,0.06148971289094599,0.3746286309533978,0.6166716889168476,0.589230260323011,0.05365710816831171,0.31756489268348287,0.4379817406511955,32.04848563974463,7.490513700473827,-0.5739575571753948,True
Ausgrid 66,172.72938397050103,129.36652609034562,162.28822474357187,2171.043,1637.3358247199155,2145.354818305957,1009.2339999999999,366.61240505079763,886.0776412167952,129.2205537223004,116.56784559050035,12.6527081316,97.77809370140274,0.14597236804522618,4.126,107.78270171730404,162.04651995480145,147.85861987260063,14.187900081999999,97.77809370140274,0.24170478877041673,4.126,97.71925235029016,0.0,130.31497576394358,80.03942649999928,149.05521130848425,172.98747706400587,130.4998957492437,79.85264791816091,149.4418858004953,125.67915354962747,135.78707337704367,165.24097703374235,148.56656032914762,26.947801180000077,122.77601731642082,81.27959274048702,148.66095911494318,137.55469324950866,148.57938636904333,128.87266697716865,0.09843663261503294,0.18686639257524995,0.4795359498142808,-0.23906666279801936,0.0686754904419229,0.07688181429302968,0.20693777544179143,0.30947691027934565,0.6124206466688332,-0.1558182321054462,0.16095183382205017,0.26665102776284433,32.92169865322626,25.10450560488364,6.04480777208834,True
Ausgrid 240,250.8167193189003,229.02152078265684,272.054705064444,3184.9710000000005,2721.45195647705,3396.578115696404,821.888,248.49286494179216,936.7330527697794,228.9672380953997,206.75381796189973,22.21342013289999,89.91636163890851,0.05428268725714147,4.226,107.6764162011943,271.71173070700064,246.7205162136999,24.991214493099985,89.91636163890851,0.342974357443403,3.696,98.18354847006101,0.0,214.35573138144346,67.97477850000001,235.18038014802934,134.58783326999966,214.41206195684344,67.72060919179093,234.04652649415326,112.07953415999961,223.89471789104428,144.7179506671997,233.36733786661685,30.561002336860412,210.8639396953464,72.67900961205844,234.51141211490707,106.54294701528195,231.98949986214473,108.23983304999997,0.08145041226863796,0.14522107292300154,0.5272101172364717,-0.31373084006906193,0.06483631614742477,0.06971388809753339,0.34028557051604824,0.4777784842405006,0.8020843574450691,-1.1817679840563797,0.600745245640354,0.43765832981450503,43.033184281787186,8.689691259589447,-8.467531910638192,True
Ausgrid 113,377.151239213101,321.7236771874201,360.64926170990094,4569.722,4016.7292102139268,4591.042446405092,768.287,71.85606778602502,672.7654606422964,321.60147000920045,314.45924604470014,7.1422239647,123.86789625330225,0.12220717821962473,5.358,141.15078658064036,360.4683105999017,350.28309456830203,10.185216031100001,123.86789625330225,0.18095110999922806,4.8084693,115.90500569171418,0.0,338.5205509551449,69.38438150000005,353.2655076047848,243.7033892500007,338.5316803930449,69.36596428543727,354.31271491214454,157.9003986500002,341.8363423180455,202.45084757600057,355.03348867774423,21.119296557631994,325.8398118209818,81.52021628122652,348.2916519118448,207.47971076837402,351.43830634024494,154.12395070549985,0.11019351393722276,0.19505099513381577,0.47318298497947625,-0.14094207333845277,0.09694635204777033,0.11816217394039825,0.31167273781893506,0.44933695159103254,0.46739393894105047,0.07052046595837458,0.37560888170978995,0.3888861479156169,38.92558452248085,14.696375422582872,4.375427093287631,True
Ausgrid 67,321.95906605619996,224.64905416178388,277.6981673963943,4470.205,3032.8973336706435,3795.5099677060643,2399.488,766.5524867971426,1541.5186622971828,224.313525959,216.36794403960002,7.945581919600002,110.12566780249358,0.33552820278388196,4.4559999999999995,194.4295855344123,277.3805014326999,265.1263274419999,12.254173990999998,110.12566780249358,0.31766596369442496,4.4559999999999995,182.18955454325246,0.0,221.96438903494368,177.70860800000028,276.4090331838787,283.28155316000027,225.09970572484337,172.41262497675459,276.1225911779444,193.59116798042356,248.78191082654334,260.3913172528498,294.1567354391585,33.138950676372914,245.01223806946433,133.03172943882794,288.72695604864316,211.833597386269,274.45805673154376,185.49229787850032,0.23869310955813916,0.40587909912739445,0.45124277848739297,-0.10864297038847348,0.2092085147670216,0.22127774982731543,0.286621795830487,0.3970806891353592,0.3744969491999403,0.14324592081527698,0.2802343838243035,0.2921953249824256,53.04911323461042,30.22434282916885,13.747368322928246,True
Ausgrid 5,283.76570197839925,246.46428817240133,274.1158141323047,3203.059,2960.047869004753,3393.24221803136,493.563,151.399100439809,591.8243906449346,246.38227894150018,229.46061409260022,16.9216648489,136.79585832758437,0.08200923090115064,6.3223,97.54353921659435,273.93891031440063,255.16221009220064,18.77670022209999,136.79585832758437,0.17690381790408688,5.54,91.57777326712728,0.0,264.112407410843,37.59595399999919,274.8128234920847,167.22536897919844,264.1100728950429,37.59541240191485,269.6724130873427,121.71034126799802,264.1010229811434,148.97505728642312,265.9015963231785,17.837362377900472,251.50770056038021,48.13820356549509,270.20219894714336,145.0118209913043,270.0717593642424,117.90436224824813,0.06814791412138407,0.11710733052461185,0.47226775878344934,-0.16237891920325054,0.05649375791136136,0.06082099176693417,0.3175822471555441,0.514922947697454,0.7001333527993215,-0.15626670956538358,0.22591365500657443,0.567043674586579,27.65152595990338,13.145145289206718,3.400653348454744,True
Ausgrid 158,460.920402060998,376.288564731518,428.3279510413304,6029.782,4968.223962706171,5751.899490091901,2108.627,855.9077952703667,1651.687788472866,376.1267363424993,368.57989665019954,7.5468396924000025,128.13180885479105,0.16182838901868546,5.826,188.1009776418245,428.32287860790024,418.4870901376003,9.835788470599997,128.13180885479105,0.005072433430116852,5.1579999999999995,174.5232211968488,0.0,380.93505022384426,137.93174725,408.7615655863085,290.8871623199997,383.3230373848446,133.63619600802792,415.9162503864447,193.87111044499989,394.31698296194367,252.53380248884088,442.6797872067006,41.981753115626915,399.1632515005635,109.22587308966347,420.5192464505437,243.81194796997224,415.143765062643,194.0788877800001,0.3022919677746217,0.6031909588057504,0.8636668293188308,-1.2178501870256944,0.20785206393536954,0.3604072062447988,0.35096684215654195,0.5008975991389493,0.44001188699222205,-0.6375232420838362,0.25010557443935294,0.4067895845066738,52.03938630981236,18.36148648466202,7.071166924686133,True
Ausgrid 1,249.18109470139774,145.99151344818955,227.2419800477802,4017.9990000000003,2394.153540427804,3537.642233643639,3862.8379999999997,2028.3961616791837,3171.5297391967624,145.76674114150057,137.94880744050067,7.817933701100001,152.6167347803879,0.22477230668897755,4.6310803400000005,207.75406316060918,226.9910096615996,208.4050042156987,18.586005445599998,152.6167347803879,0.2509703861806099,5.336,208.39817049937818,0.0,139.77526380694314,200.65038574999986,189.50432035748352,256.6936150363194,145.84511539184354,190.1224724389126,199.6000583356169,184.65199297400005,181.03508106284298,247.9975910092499,235.80219702533157,19.527350459724673,167.90348268603742,153.8012928232372,226.77801429574183,136.81967690783864,192.74673245764248,184.3719764707501,0.2893493473093777,0.5241194135649198,0.49490814657147203,-0.11230192647589377,0.18696604024303837,0.20457371587453238,0.4411655081941924,0.5977996759183118,0.7323889303504804,-0.1022459428209237,0.7002926082811354,0.5142092047243848,81.25046659959065,41.411480825567374,8.804486022468089,True
Ausgrid 204,285.9485968016989,221.74280320790612,266.3588623350428,3410.782,2697.8682615570697,3351.8737050049267,906.307,61.04977527000003,746.7869989153157,221.5386682553999,207.67126030569983,13.8674079496,132.5982034129032,0.204134952506226,5.234,131.27283118755517,266.0158879775994,247.12645365139883,18.889434325799996,132.5982034129032,0.342974357443403,5.234,101.93448300056839,0.0,240.82741780794257,82.17420675000008,259.21433087168424,240.8946388939993,240.82741780794257,82.17420675000008,261.81699368852594,154.6587656799999,239.6166567813429,211.0345318966246,273.53136926673477,10.333296281973574,234.85051065047807,84.83653613951194,257.1315803865421,177.4945802668503,255.23098908244276,151.22235345374938,0.1247300059253225,0.2162472992637662,0.47180155945426544,-0.08138306115451233,0.09980308028670867,0.11570020055948176,0.2194836587394678,0.386150461943238,0.3988664005639707,0.054969029154048776,0.20985879967434565,0.2222312870014075,44.61605912713665,22.453613800496647,6.8507888081162065,True
Ausgrid 247,266.85422321110013,239.3982360508275,275.94580118900666,3099.6980000000003,2808.9950088600363,3355.8274540022785,455.286,64.61225009027491,615.4634156532338,239.37563810149965,217.1636365263,22.212001575100004,109.67045539399433,0.022597949327846083,4.138,97.66453868934539,275.78562697620015,250.7225971013009,25.063029874800005,109.67045539399433,0.16017421280651783,4.138,95.31428614507456,0.0,243.51459757034357,41.46956149999998,253.68573895323453,180.81102019999952,243.51459757034357,41.46956149999998,250.96922271907158,123.4547919096,243.62682633974407,164.83666005590067,249.28560169845653,16.053072261775306,233.360898722001,48.76116647749099,243.2065661570437,132.03636011074946,250.02168781644377,124.05018297000007,0.07532195914740022,0.13814792052415284,0.5845154793766889,-0.2643361331272016,0.05213058243641356,0.05903207377466487,0.3167813705285906,0.4602639136206781,0.7354425185299268,-0.09680646313549102,0.4800647109001793,0.48314197708936796,36.54756513817915,10.288758719982123,-3.4069455107384448,True
Ausgrid 137,438.2676995721015,399.75798720242483,439.27868764981383,5156.477,4761.262543261302,5411.968183544063,603.538,56.44323718680002,730.3685407235205,399.6809759206997,383.31036559209895,16.370610328799998,155.13304636657867,0.07701128172512188,6.271999999999999,148.86221894315608,439.20249269609843,422.1238844659985,17.078608230300002,155.13304636657867,0.07619495371539138,6.271999999999999,126.22864309596075,0.0,407.66781894664484,54.69844450000013,423.93519307228456,230.62779775000067,407.66810834654484,54.697927159300455,423.0716846823448,155.93048754999992,414.15811256504344,195.06463409474972,428.30384310112953,14.112006899184598,404.90889520892335,60.02742011690291,415.49232275294406,214.4086241545719,422.2027530700431,154.0396112499996,0.14453951890119376,0.2560706215007819,0.47413057908402106,-0.18271168374597413,0.10079980322601882,0.11156119986180894,0.4061999424514299,0.5750053746385867,0.4926062230564005,-0.001933155079515636,0.5925842314575029,0.4597734738258214,39.520700447389004,8.786801401808816,-0.2306782084783819,True
