config,scheme,sharing,share,internal_price,battery,znacilni_primer,pay_for_unused,Scenario,Scheme,Sharing,Share,Internal_price,Community_cost_EUR,Shared_kWh,Transferred_kWh,Wasted_kWh,Import_kWh,Export_kWh,Curtailed_kWh,Peak_Import_kW,Sum_Peaks_kW,Solve_s,Lazy_rounds,Binaries,Unresolved,block,Battery_kWh
Redni,individualno,dinamicni,1.0,0.05,brez baterije,2,True,,individualno,dinamicni,1.0,0.05,16591.99978263159,0.0,0.0,0.0,90915.52,22361.747000000003,0.0,12.028,114.512,16.19805359840393,0.0,0.0,0.0,A,0.0
Redni,souporaba,dinamicni,1.0,0.05,brez baterije,2,True,,souporaba,dinamicni,1.0,0.05,16718.36564355159,8724.06,8724.06,-6.912287582594434e-14,90915.52,22361.747000000003,0.0,12.028,114.512,23.03742814064026,0.0,0.0,0.0,B,0.0
Redni,skupnostna_samooskrba,dinamicni,1.0,0.05,brez baterije,2,True,,skupnostna_samooskrba,dinamicni,1.0,0.05,15880.945364117391,8724.06,8724.06,-9.857227339059303e-15,90915.52,22361.747000000003,0.0,12.028,114.512,22.832342624664307,0.0,0.0,0.0,B,0.0
Redni,individualno,dinamicni,1.0,0.05,optimalna baterija,2,True,,individualno,dinamicni,1.0,0.05,16591.99978263159,0.0,0.0,0.0,90915.52,22361.747000000003,0.0,12.028,114.512,16.38268780708313,0.0,0.0,0.0,A,0.0
Redni,souporaba,dinamicni,1.0,0.05,optimalna baterija,2,True,,souporaba,dinamicni,1.0,0.05,16718.36564355159,8724.06,8724.06,-6.912287582594434e-14,90915.52,22361.747000000003,0.0,12.028,114.512,23.22546911239624,0.0,0.0,0.0,B,0.0
Redni,skupnostna_samooskrba,dinamicni,1.0,0.05,optimalna baterija,2,True,,skupnostna_samooskrba,dinamicni,1.0,0.05,15880.945364117391,8724.06,8724.06,-9.857227339059303e-15,90915.52,22361.747000000003,0.0,12.028,114.512,22.86015033721924,0.0,0.0,0.0,B,0.0
Redni,individualno,dinamicni,1.0,0.05,10 kWh pri vsakem,2,True,,individualno,dinamicni,1.0,0.05,15389.496161921208,0.0,0.0,0.0,82956.251797773,11940.322141487935,0.0,9.924,100.896,93.48481369018556,0.0,0.0,0.0,A,160.0
Redni,souporaba,dinamicni,1.0,0.05,10 kWh pri vsakem,2,True,,souporaba,dinamicni,1.0,0.05,15539.906896902148,10276.79678048722,10276.796771503312,-8.983907117021938e-06,82720.61462821571,11783.233735256572,0.0,9.924,100.896,197.446475982666,0.0,0.0,0.0,B,160.0
Redni,skupnostna_samooskrba,dinamicni,1.0,0.05,10 kWh pri vsakem,2,True,,skupnostna_samooskrba,dinamicni,1.0,0.05,14686.29051680444,11302.41883057517,11302.41883057517,-7.382874693540042e-15,83635.9837962433,12808.85751418462,0.0,9.924,101.48,197.6154203414917,0.0,0.0,0.0,B,160.0
Aktivni,individualno,dinamicni,1.0,0.05,brez baterije,2,True,,individualno,dinamicni,1.0,0.05,18436.67081079159,0.0,0.0,0.0,90915.52,22361.747000000003,0.0,12.028,114.512,16.591307401657104,0.0,0.0,0.0,A,0.0
Aktivni,souporaba,dinamicni,1.0,0.05,brez baterije,2,True,,souporaba,dinamicni,1.0,0.05,18838.06926581159,8724.06,8724.06,-6.90812424625209e-14,90915.52,22361.747000000003,0.0,12.028,114.512,24.066082239151,0.0,0.0,0.0,B,0.0
Aktivni,skupnostna_samooskrba,dinamicni,1.0,0.05,brez baterije,2,True,,skupnostna_samooskrba,dinamicni,1.0,0.05,18000.64898637739,8724.06,8724.06,-9.857227339059303e-15,90915.52,22361.747000000003,0.0,12.028,114.512,23.84059715270996,0.0,0.0,0.0,B,0.0
Aktivni,individualno,dinamicni,1.0,0.05,optimalna baterija,2,True,,individualno,dinamicni,1.0,0.05,16743.977363051978,0.0,0.0,0.0,87371.55188538368,17430.752360052495,0.0,10.76,113.1273684,30.598279237747192,0.0,0.0,0.0,A,37.5
Aktivni,souporaba,dinamicni,1.0,0.05,optimalna baterija,2,True,,souporaba,dinamicni,1.0,0.05,17095.796455593547,10691.9347179815,10691.93471810286,1.2135993874172934e-07,90602.80026334376,20601.22436203094,0.0,10.76,113.1273684,40.52000403404236,0.0,0.0,0.0,B,37.5
Aktivni,skupnostna_samooskrba,dinamicni,1.0,0.05,optimalna baterija,2,True,,skupnostna_samooskrba,dinamicni,1.0,0.05,16238.061311611502,10837.8037485256,10837.8037485256,-2.1735414303895167e-14,90602.86896151707,20615.502547450586,0.0,10.76,113.1273684,40.79612183570862,0.0,0.0,0.0,B,37.5
Aktivni,individualno,dinamicni,1.0,0.05,10 kWh pri vsakem,2,True,,individualno,dinamicni,1.0,0.05,13465.996636068863,0.0,0.0,0.0,92424.62448175409,18986.28195888031,0.0,10.76,113.199816,93.26465463638306,0.0,0.0,0.0,A,160.0
Aktivni,souporaba,dinamicni,1.0,0.05,10 kWh pri vsakem,2,True,,souporaba,dinamicni,1.0,0.05,14123.593754979756,2831.351515502306,2831.351514089343,-1.4129633662656458e-06,92805.52938735666,19338.04255362449,0.0,10.76,112.9523128,126.97767782211304,0.0,0.0,0.0,B,160.0
Aktivni,skupnostna_samooskrba,dinamicni,1.0,0.05,10 kWh pri vsakem,2,True,,skupnostna_samooskrba,dinamicni,1.0,0.05,13339.072660202635,2911.4825990282898,2911.48259902829,9.497026578239411e-16,92804.62964973415,19345.02499023218,0.0,10.76,112.9523128,126.83056640625,0.0,0.0,0.0,B,160.0
Dinamični,individualno,dinamicni,1.0,0.05,brez baterije,2,True,,individualno,dinamicni,1.0,0.05,16657.072994821192,0.0,0.0,0.0,90924.865,18257.222,4113.87,12.028,114.512,17.70753788948059,0.0,0.0,0.0,A,0.0
Dinamični,souporaba,dinamicni,1.0,0.05,brez baterije,2,True,,souporaba,dinamicni,1.0,0.05,17155.693087923988,8148.470000000001,8148.47,-6.181687106643352e-14,90924.865,19218.78899999999,3152.303,12.028,114.512,25.510368824005127,0.0,0.0,0.0,B,0.0
Dinamični,skupnostna_samooskrba,dinamicni,1.0,0.05,brez baterije,2,True,,skupnostna_samooskrba,dinamicni,1.0,0.05,16322.637691108792,8282.494999999999,8282.494999999999,-1.1489087133921551e-14,90924.865,19346.422,3024.67,12.028,114.512,23.775027990341187,0.0,0.0,0.0,B,0.0
Redni,souporaba,staticni,0.0,0.05,brez baterije,2,True,,souporaba,staticni,0.0,0.05,17350.74218263159,0.0,0.0,0.0,90915.52,22361.747000000003,0.0,12.028,114.512,20.723357915878296,0.0,0.0,0.0,C,0.0
Redni,souporaba,staticni,0.1,0.05,brez baterije,2,True,,souporaba,staticni,0.1,0.05,17241.79067888347,1844.465679047722,2236.1747000000005,391.70902095227814,90915.52,22361.747000000003,0.0,12.028,114.512,22.442192316055294,0.0,0.0,0.0,C,0.0
Redni,souporaba,staticni,0.2,0.05,brez baterije,2,True,,souporaba,staticni,0.2,0.05,17215.76406712237,3087.8044365785386,4472.349400000001,1384.5449634214615,90915.52,22361.747000000003,0.0,12.028,114.512,22.374645233154297,0.0,0.0,0.0,C,0.0
Redni,souporaba,staticni,0.3,0.05,brez baterije,2,True,,souporaba,staticni,0.3,0.05,17237.963959691424,3982.229617811018,6708.5241000000005,2726.2944821889814,90915.52,22361.747000000003,0.0,12.028,114.512,21.883182287216187,0.0,0.0,0.0,C,0.0
Redni,souporaba,staticni,0.4,0.05,brez baterije,2,True,,souporaba,staticni,0.4,0.05,17286.838047777153,4683.4744985987845,8944.698800000002,4261.2243014012165,90915.52,22361.747000000003,0.0,12.028,114.512,21.72545313835144,0.0,0.0,0.0,C,0.0
Redni,souporaba,staticni,0.5,0.05,brez baterije,2,True,,souporaba,staticni,0.5,0.05,17352.13230231947,5265.682466550534,11180.873500000002,5915.191033449466,90915.52,22361.747000000003,0.0,12.028,114.512,21.567633390426636,0.0,0.0,0.0,C,0.0
Redni,souporaba,staticni,0.6,0.05,brez baterije,2,True,,souporaba,staticni,0.6,0.05,17429.08807288971,5763.306370738933,13417.0482,7653.741829261066,90915.52,22361.747000000003,0.0,12.028,114.512,21.650557279586792,0.0,0.0,0.0,C,0.0
Redni,souporaba,staticni,0.8,0.05,brez baterije,2,True,,souporaba,staticni,0.8,0.05,17607.40615387761,6581.211806427089,17889.397600000004,11308.185793572911,90915.52,22361.747000000003,0.0,12.028,114.512,21.80814743041992,0.0,0.0,0.0,C,0.0
Redni,souporaba,staticni,1.0,0.05,brez baterije,2,True,,souporaba,staticni,1.0,0.05,17738.377075367927,7079.305588883521,14071.017063875184,6991.711474991664,90915.52,14071.017063875184,8290.72993567893,12.028,114.512,22.309117078781128,0.0,0.0,0.0,C,0.0
Redni,skupnostna_samooskrba,staticni,0.0,0.05,brez baterije,2,True,,skupnostna_samooskrba,staticni,0.0,0.05,16591.99978263159,0.0,0.0,0.0,90915.52,22361.747000000003,0.0,12.028,114.512,19.720855712890625,0.0,0.0,0.0,C,0.0
Redni,skupnostna_samooskrba,staticni,0.1,0.05,brez baterije,2,True,,skupnostna_samooskrba,staticni,0.1,0.05,16441.11738889661,1844.465679047722,1844.465679047722,2.5411259468172128e-15,90915.52,22361.747000000003,0.0,12.028,114.512,21.79680323600769,0.0,0.0,0.0,C,0.0
Redni,skupnostna_samooskrba,staticni,0.2,0.05,brez baterije,2,True,,skupnostna_samooskrba,staticni,0.2,0.05,16339.48350172133,3087.8044365785386,3087.8044365785386,2.1369895870232418e-15,90915.52,22361.747000000003,0.0,12.028,114.512,21.718772888183594,0.0,0.0,0.0,C,0.0
Redni,skupnostna_samooskrba,staticni,0.3,0.05,brez baterije,2,True,,skupnostna_samooskrba,staticni,0.3,0.05,16266.543550881206,3982.229617811018,3982.229617811018,-2.4906156781065447e-15,90915.52,22361.747000000003,0.0,12.028,114.512,21.946789503097538,0.0,0.0,0.0,C,0.0
Redni,skupnostna_samooskrba,staticni,0.4,0.05,brez baterije,2,True,,skupnostna_samooskrba,staticni,0.4,0.05,16209.466540285071,4683.4744985987845,4683.474498598784,2.2728807768171433e-15,90915.52,22361.747000000003,0.0,12.028,114.512,21.63930034637451,0.0,0.0,0.0,C,0.0
Redni,skupnostna_samooskrba,staticni,0.5,0.05,brez baterije,2,True,,skupnostna_samooskrba,staticni,0.5,0.05,16162.149169089533,5265.682466550534,5265.682466550534,1.7607849856979274e-15,90915.52,22361.747000000003,0.0,12.028,114.512,21.640914916992188,0.0,0.0,0.0,C,0.0
Redni,skupnostna_samooskrba,staticni,0.6,0.05,brez baterije,2,True,,skupnostna_samooskrba,staticni,0.6,0.05,16121.761313946983,5763.306370738933,5763.306370738933,4.3322414882904225e-15,90915.52,22361.747000000003,0.0,12.028,114.512,21.756154537200928,0.0,0.0,0.0,C,0.0
Redni,skupnostna_samooskrba,staticni,0.8,0.05,brez baterije,2,True,,skupnostna_samooskrba,staticni,0.8,0.05,16055.474752989663,6581.211806427089,6581.211806427089,-7.950142822711614e-15,90915.52,22361.747000000003,0.0,12.028,114.512,21.77835249900818,0.0,0.0,0.0,C,0.0
Redni,skupnostna_samooskrba,staticni,1.0,0.05,brez baterije,2,True,,skupnostna_samooskrba,staticni,1.0,0.05,16002.285295751026,7238.38485420452,7238.38485420452,-4.722852425982638e-15,90915.52,22361.747000000003,0.0,12.028,114.512,21.802143096923828,0.0,0.0,0.0,C,0.0
Redni,skupnostna_samooskrba,dinamicni,1.0,0.05,brez baterije,1,True,,skupnostna_samooskrba,dinamicni,1.0,0.05,15825.374188510592,8724.06,8724.06,-9.857227339059303e-15,90915.52,22361.747000000003,0.0,12.028,114.512,22.58405637741089,0.0,0.0,0.0,E,0.0
Redni,skupnostna_samooskrba,dinamicni,1.0,0.05,brez baterije,3,True,,skupnostna_samooskrba,dinamicni,1.0,0.05,15947.639806312793,8724.06,8724.06,-9.857227339059303e-15,90915.52,22361.747000000003,0.0,12.028,114.512,22.607961177825928,0.0,0.0,0.0,E,0.0
Redni,skupnostna_samooskrba,dinamicni,1.0,0.05,brez baterije,4,True,,skupnostna_samooskrba,dinamicni,1.0,0.05,15960.713055875389,8724.06,8724.06,-9.857227339059303e-15,90915.52,22361.747000000003,0.0,12.028,114.512,22.58341383934021,0.0,0.0,0.0,E,0.0
Redni,souporaba,staticni,0.4,0.05,brez baterije,2,False,,souporaba,staticni,0.4,0.05,17239.96458046174,4683.4744985987845,8944.698800000002,4261.2243014012165,90915.52,22361.747000000003,0.0,12.028,114.512,22.86063766479492,0.0,0.0,0.0,F,0.0
Redni,souporaba,staticni,1.0,0.05,brez baterije,2,False,,souporaba,staticni,1.0,0.05,17641.44928691662,7238.38485420452,16596.9950919216,9358.61023771708,90915.52,16596.9950919216,5764.75190727404,12.028,114.512,23.443778038024902,0.0,0.0,0.0,F,0.0
Redni,souporaba,staticni,0.0,0.05,10 kWh pri vsakem,2,True,,souporaba,staticni,0.0,0.05,16148.238561921207,0.0,0.0,0.0,82956.251797773,11940.322141487935,0.0,9.924,100.896,101.43451881408691,0.0,0.0,0.0,C,160.0
Redni,souporaba,staticni,0.1,0.05,10 kWh pri vsakem,2,True,,souporaba,staticni,0.1,0.05,16071.24076037786,1194.0322142446328,1194.0322140411552,-2.0347763074541866e-07,82889.1519157776,11940.322140411552,0.0,9.924,100.896,213.0483741760254,0.0,0.0,0.0,C,160.0
Redni,souporaba,staticni,0.2,0.05,10 kWh pri vsakem,2,True,,souporaba,staticni,0.2,0.05,15999.377375424683,2388.064428640409,2388.0644279076487,-7.327602444593258e-07,82844.91342175542,11940.32213953824,0.0,9.924,100.896,231.6899106502533,0.0,0.0,0.0,C,160.0
Redni,souporaba,staticni,0.3,0.05,10 kWh pri vsakem,2,True,,souporaba,staticni,0.3,0.05,15932.311405059452,3577.0990619080967,3582.040304413441,4.941242505344282,82828.33685019746,11940.134348044803,0.0,9.924,100.896,242.4567096233368,0.0,0.0,0.0,C,160.0
Redni,souporaba,staticni,0.4,0.05,10 kWh pri vsakem,2,True,,souporaba,staticni,0.4,0.05,15874.938200601617,4701.426055820633,4775.077261543452,73.65120572281756,82823.96526234449,11937.693153858629,0.0,9.924,100.896,245.30954384803772,0.0,0.0,0.0,C,160.0
Redni,souporaba,staticni,0.5,0.05,10 kWh pri vsakem,2,True,,souporaba,staticni,0.5,0.05,15829.95455364177,5730.714097766742,5963.90935353523,233.19525576848815,82825.89012980183,11927.81870707046,0.0,9.924,100.896,252.16054558753967,0.0,0.0,0.0,C,160.0
Redni,souporaba,staticni,0.6,0.05,10 kWh pri vsakem,2,True,,souporaba,staticni,0.6,0.05,15796.499226634794,6657.525884938414,7136.846014033963,479.3201290955499,82827.85904845182,11894.743356723273,0.0,9.924,100.896,258.94105052948,0.0,0.0,0.0,C,160.0
Redni,souporaba,staticni,0.8,0.05,10 kWh pri vsakem,2,True,,souporaba,staticni,0.8,0.05,15755.341093145413,8254.811459787688,9415.623753186508,1160.8122933988209,82820.10192474799,11769.529691483134,0.0,9.924,100.896,288.86087012290955,0.0,0.0,0.0,C,160.0
Redni,souporaba,staticni,1.0,0.05,10 kWh pri vsakem,2,True,,souporaba,staticni,1.0,0.05,15749.41423691686,9545.99815846177,11644.902538631246,2098.9043801694756,82827.72072815723,11644.902538631246,21.713178524,9.924,100.896,300.72923731803894,0.0,0.0,0.0,C,160.0
Redni,skupnostna_samooskrba,staticni,0.0,0.05,10 kWh pri vsakem,2,True,,skupnostna_samooskrba,staticni,0.0,0.05,15389.496161921208,0.0,0.0,0.0,82956.251797773,11940.322141487935,0.0,9.924,100.896,103.08254599571228,0.0,0.0,0.0,C,160.0
Redni,skupnostna_samooskrba,staticni,0.1,0.05,10 kWh pri vsakem,2,True,,skupnostna_samooskrba,staticni,0.1,0.05,15301.914749378922,1194.0322143335015,1194.0322143335015,-5.462728929145691e-15,82888.96638008684,11940.322140664832,0.0,9.924,100.896,210.62811374664307,0.0,0.0,0.0,C,160.0
Redni,skupnostna_samooskrba,staticni,0.2,0.05,10 kWh pri vsakem,2,True,,skupnostna_samooskrba,staticni,0.2,0.05,15219.46286155327,2387.40211813696,2387.40211813696,-6.333807447706646e-16,82844.16932167285,11940.322140524522,0.0,9.924,100.896,232.73328042030337,0.0,0.0,0.0,C,160.0
Redni,skupnostna_samooskrba,staticni,0.3,0.05,10 kWh pri vsakem,2,True,,skupnostna_samooskrba,staticni,0.3,0.05,15141.561018405486,3574.800099667556,3574.800099667556,-9.633176960115175e-15,82826.87224590761,11940.322140297363,0.0,9.924,100.896,244.37040781974792,0.0,0.0,0.0,C,160.0
Redni,skupnostna_samooskrba,staticni,0.4,0.05,10 kWh pri vsakem,2,True,,skupnostna_samooskrba,staticni,0.4,0.05,15069.87988300417,4700.216675174015,4700.216675174015,-2.135431046400294e-15,82822.07526547383,11938.063928316147,0.0,9.924,100.896,246.93968558311465,0.0,0.0,0.0,C,160.0
Redni,skupnostna_samooskrba,staticni,0.5,0.05,10 kWh pri vsakem,2,True,,skupnostna_samooskrba,staticni,0.5,0.05,15005.540808151723,5729.354044172528,5729.354044172529,4.268829213727177e-15,82823.89296868317,11931.645923780236,0.0,9.924,100.896,248.12553811073303,0.0,0.0,0.0,C,160.0
Redni,skupnostna_samooskrba,staticni,0.6,0.05,10 kWh pri vsakem,2,True,,skupnostna_samooskrba,staticni,0.6,0.05,14947.812333638702,6665.612682698408,6665.612682698407,-1.3363740452784767e-14,82832.82683458485,11922.994222916495,0.0,9.924,100.896,250.44405460357663,0.0,0.0,0.0,C,160.0
Redni,skupnostna_samooskrba,staticni,0.8,0.05,10 kWh pri vsakem,2,True,,skupnostna_samooskrba,staticni,0.8,0.05,14847.34953119422,8288.477432012667,8288.477432012669,-1.3622803362120128e-14,82837.67549571529,11876.28756790538,0.0,9.924,100.896,260.86626410484314,0.0,0.0,0.0,C,160.0
Redni,skupnostna_samooskrba,staticni,1.0,0.05,10 kWh pri vsakem,2,True,,skupnostna_samooskrba,staticni,1.0,0.05,14764.7140323612,9976.756452689802,9976.756452689802,1.5440123138366069e-15,83179.85076302009,12228.56291165265,0.0,9.924,100.896,253.36821222305295,0.0,0.0,0.0,C,160.0
Redni,skupnostna_samooskrba,dinamicni,1.0,0.05,10 kWh pri vsakem,3,True,,skupnostna_samooskrba,dinamicni,1.0,0.05,14767.64937596535,10441.542445976964,10441.542445976962,3.2959203942473092e-15,82869.08292416361,11947.97940168115,0.0,9.924,100.896,207.4453525543213,0.0,0.0,0.0,E,160.0
Redni,skupnostna_samooskrba,dinamicni,1.0,0.05,10 kWh pri vsakem,4,True,,skupnostna_samooskrba,dinamicni,1.0,0.05,14782.49293635942,10276.796780086555,10276.796780086555,2.1442266365241786e-15,82720.61462756823,11783.233735269048,0.0,9.924,100.896,207.60055685043335,0.0,0.0,0.0,E,160.0
Redni,souporaba,staticni,0.4,0.05,10 kWh pri vsakem,2,False,,souporaba,staticni,0.4,0.05,15874.127144219368,4701.227564560433,4775.077261426623,73.84969686618967,82823.75115450173,11937.69315356656,0.0,9.924,100.896,249.74600648880005,0.0,0.0,0.0,F,160.0
Redni,souporaba,staticni,1.0,0.05,10 kWh pri vsakem,2,False,,souporaba,staticni,1.0,0.05,15725.909552449051,9526.28868127168,11693.455338544052,2167.166657272374,82801.02269919633,11693.455338544052,0.0,9.924,100.896,289.4449026584625,0.0,0.0,0.0,F,160.0
Redni,souporaba,dinamicni,1.0,0.0,10 kWh pri vsakem,2,True,,souporaba,dinamicni,1.0,0.0,15419.693957684263,11406.027541270556,11406.027531665994,-9.604561789640366e-06,83724.56389050496,12912.438852474854,0.0,9.924,101.48,204.03656768798828,0.0,0.0,0.0,D,160.0
Redni,souporaba,dinamicni,1.0,0.025,10 kWh pri vsakem,2,True,,souporaba,dinamicni,1.0,0.025,15481.832520525995,11239.51358252154,11239.513573104428,-9.41711010900024e-06,83585.16400499527,12745.95053662829,0.0,9.924,101.48,204.67575526237488,0.0,0.0,0.0,D,160.0
Redni,souporaba,dinamicni,1.0,0.075,10 kWh pri vsakem,2,True,,souporaba,dinamicni,1.0,0.075,15595.746790558502,10127.42731182496,10127.427303650831,-8.174131121548413e-06,82585.83181790783,11633.86426755139,0.0,9.924,100.896,208.0107033252716,0.0,0.0,0.0,D,160.0
Redni,souporaba,dinamicni,1.0,0.1,10 kWh pri vsakem,2,True,,souporaba,dinamicni,1.0,0.1,15651.447627154086,10127.413954709751,10127.413946042829,-8.666922128180066e-06,82585.83181813444,11633.850910038089,0.0,9.924,100.896,208.75011014938352,0.0,0.0,0.0,D,160.0
Redni,skupnostna_samooskrba,dinamicni,1.0,0.025,10 kWh pri vsakem,2,True,,skupnostna_samooskrba,dinamicni,1.0,0.025,14623.515353574108,11734.375166633585,11734.375166633585,1.5875430310619e-15,83990.48951540046,13240.813849722508,0.0,9.924,101.48,206.2553641796112,0.0,0.0,0.0,D,160.0
Redni,skupnostna_samooskrba,dinamicni,1.0,0.075,10 kWh pri vsakem,2,True,,skupnostna_samooskrba,dinamicni,1.0,0.075,14747.794333558431,10904.931413671718,10904.93141367172,2.1574694884351348e-14,83282.2223079186,12411.370097905598,0.0,9.924,101.34768,209.42358922958377,0.0,0.0,0.0,D,160.0
Redni,skupnostna_samooskrba,dinamicni,1.0,0.1,10 kWh pri vsakem,2,True,,skupnostna_samooskrba,dinamicni,1.0,0.1,14805.045044748893,10186.90981851292,10186.90981851292,1.0411918723030043e-14,82634.90404958226,11693.34850272953,0.0,9.924,100.896,204.577707529068,0.0,0.0,0.0,D,160.0
Redni,souporaba,dinamicni,1.0,0.0,brez baterije,2,True,,souporaba,dinamicni,1.0,0.0,16622.40098355159,8724.06,8724.06,-6.912287582594434e-14,90915.51999999999,22361.747000000003,0.0,12.028,114.512,24.435681104660034,0.0,0.0,0.0,D,0.0
Redni,souporaba,dinamicni,1.0,0.025,brez baterije,2,True,,souporaba,dinamicni,1.0,0.025,16670.383313551592,8724.06,8724.06,-6.912287582594434e-14,90915.51999999999,22361.747000000003,0.0,12.028,114.512,23.985170364379883,0.0,0.0,0.0,D,0.0
Redni,souporaba,dinamicni,1.0,0.075,brez baterije,2,True,,souporaba,dinamicni,1.0,0.075,16766.34797355159,8724.06,8724.06,-6.912287582594434e-14,90915.51999999999,22361.747000000003,0.0,12.028,114.512,24.452999591827393,0.0,0.0,0.0,D,0.0
Redni,souporaba,dinamicni,1.0,0.1,brez baterije,2,True,,souporaba,dinamicni,1.0,0.1,16814.330303551593,8724.06,8724.06,-6.909512025032871e-14,90915.51999999999,22361.747000000003,0.0,12.028,114.512,24.24992084503174,0.0,0.0,0.0,D,0.0
Redni,skupnostna_samooskrba,dinamicni,1.0,0.0,brez baterije,2,True,,skupnostna_samooskrba,dinamicni,1.0,0.0,15784.980704117392,8724.060000000001,8724.06,-1.3050202737029115e-14,90915.51999999999,22361.747000000003,0.0,12.028,114.512,199.99163556098938,0.0,63834.0,0.0,D,0.0
Redni,skupnostna_samooskrba,dinamicni,1.0,0.025,brez baterije,2,True,,skupnostna_samooskrba,dinamicni,1.0,0.025,15832.963034117392,8724.06,8724.06,-9.857227339059305e-15,90915.51999999999,22361.747000000003,0.0,12.028,114.512,24.381916284561157,0.0,0.0,0.0,D,0.0
Redni,skupnostna_samooskrba,dinamicni,1.0,0.075,brez baterije,2,True,,skupnostna_samooskrba,dinamicni,1.0,0.075,15928.927694117392,8724.06,8724.06,-9.857227339059305e-15,90915.51999999999,22361.747000000003,0.0,12.028,114.512,22.35734748840332,0.0,0.0,0.0,D,0.0
Redni,skupnostna_samooskrba,dinamicni,1.0,0.1,brez baterije,2,True,,skupnostna_samooskrba,dinamicni,1.0,0.1,15976.910024117391,8724.06,8724.06,-9.857227339059305e-15,90915.51999999999,22361.747000000003,0.0,12.028,114.512,22.325167179107666,0.0,0.0,0.0,D,0.0
