Dataset,Household,Option,Paket_ID,Variant,Cost_EUR,Energy_EUR,Fixed_EUR,Excess_Power_EUR,Import_kWh,Agreed_Power,Per_Group
Fluvius,1,BISOL_DINAMICNI,BISOL_DINAMICNI,-,538.2017328264,369.4820882174,163.04147304699998,5.678171562,2254.731,prev1m_cyclic_unbounded,5
Fluvius,1,BISOL_DINAMICNI_PLUS,BISOL_DINAMICNI_PLUS,-,562.064264978,369.4820882174,186.9040051986,5.678171562,2254.731,prev1m_cyclic_unbounded,5
Fluvius,1,BISOL_FIKSNI@2T,BISOL_FIKSNI,2T,552.6536572604,383.93401265140005,163.04147304699998,5.678171562,2254.731,prev1m_cyclic_unbounded,5
Fluvius,1,BISOL_FIKSNI@1T,BISOL_FIKSNI,1T,549.3276322603999,380.6079876514,163.04147304699998,5.678171562,2254.731,prev1m_cyclic_unbounded,5
Fluvius,1,BISOL_FIKSNI99@2T,BISOL_FIKSNI99,2T,509.18518780039994,340.4655431914,163.04147304699998,5.678171562,2254.731,prev1m_cyclic_unbounded,5
Fluvius,1,BISOL_FIKSNI99@1T,BISOL_FIKSNI99,1T,499.81373950039995,331.0940948914,163.04147304699998,5.678171562,2254.731,prev1m_cyclic_unbounded,5
Fluvius,1,BISOL_FIKSNI_VEZAVA@2T,BISOL_FIKSNI_VEZAVA,2T,522.3951672403999,353.6755226314,163.04147304699998,5.678171562,2254.731,prev1m_cyclic_unbounded,5
Fluvius,1,BISOL_FIKSNI_VEZAVA@1T,BISOL_FIKSNI_VEZAVA,1T,516.3183704204,347.5987258114,163.04147304699998,5.678171562,2254.731,prev1m_cyclic_unbounded,5
Fluvius,1,ELEN_DINAMICNA,ELEN_DINAMICNA,-,529.8058279316999,353.32720069979996,170.8004556699,5.678171562,2254.731,prev1m_cyclic_unbounded,5
Fluvius,1,ELEN_FIKSNI@2T,ELEN_FIKSNI,2T,551.6249107614,389.4930816094,156.45365758999998,5.678171562,2254.731,prev1m_cyclic_unbounded,5
Fluvius,1,ELEN_FIKSNI@1T,ELEN_FIKSNI,1T,547.9662832613999,385.8344541094,156.45365758999998,5.678171562,2254.731,prev1m_cyclic_unbounded,5
Fluvius,1,ELEN_ZANESLJIVA@2T,ELEN_ZANESLJIVA,2T,537.8710516613999,375.73922250939995,156.45365758999998,5.678171562,2254.731,prev1m_cyclic_unbounded,5
Fluvius,1,ELEN_ZANESLJIVA@1T,ELEN_ZANESLJIVA,1T,534.2124241614,372.08059500940004,156.45365758999998,5.678171562,2254.731,prev1m_cyclic_unbounded,5
Fluvius,1,GENI_AKTIVNI,GENI_AKTIVNI,-,518.6961392592,359.3458324094,153.6721352878,5.678171562,2254.731,prev1m_cyclic_unbounded,5
Fluvius,1,GENI_DINAMICNI,GENI_DINAMICNI,-,527.0243053413999,353.32720069979996,168.0189330796,5.678171562,2254.731,prev1m_cyclic_unbounded,5
Fluvius,1,GENI_FIKSNI@2T,GENI_FIKSNI,2T,535.0895293591999,375.73922250939995,153.6721352878,5.678171562,2254.731,prev1m_cyclic_unbounded,5
Fluvius,1,GENI_FIKSNI@1T,GENI_FIKSNI,1T,531.4309018592,372.08059500940004,153.6721352878,5.678171562,2254.731,prev1m_cyclic_unbounded,5
Fluvius,1,GENI_REDNI@2T,GENI_REDNI,2T,521.3356702591999,361.98536340939995,153.6721352878,5.678171562,2254.731,prev1m_cyclic_unbounded,5
Fluvius,1,GENI_REDNI@1T,GENI_REDNI,1T,517.6770427592,358.3267359094001,153.6721352878,5.678171562,2254.731,prev1m_cyclic_unbounded,5
Fluvius,1,PETROL_AKCIJSKI@2T,PETROL_AKCIJSKI,2T,538.3845725442,364.54107132039996,168.1653296618,5.678171562,2254.731,prev1m_cyclic_unbounded,5
Fluvius,1,PETROL_AKCIJSKI@1T,PETROL_AKCIJSKI,1T,535.0585475442,361.2150463204,168.1653296618,5.678171562,2254.731,prev1m_cyclic_unbounded,5
Fluvius,1,PETROL_FIKS2026@2T,PETROL_FIKS2026,2T,546.9694905041999,373.1259892804,168.1653296618,5.678171562,2254.731,prev1m_cyclic_unbounded,5
Fluvius,1,PETROL_FIKS2026@1T,PETROL_FIKS2026,1T,543.3108630042,369.4673617804,168.1653296618,5.678171562,2254.731,prev1m_cyclic_unbounded,5
Fluvius,1,PETROL_REDNI@2T,PETROL_REDNI,2T,560.3907471041999,386.54724588039994,168.1653296618,5.678171562,2254.731,prev1m_cyclic_unbounded,5
Fluvius,1,PETROL_REDNI@1T,PETROL_REDNI,1T,557.0647221042001,383.2212208804001,168.1653296618,5.678171562,2254.731,prev1m_cyclic_unbounded,5
Fluvius,2,BISOL_DINAMICNI,BISOL_DINAMICNI,-,572.1114490589,376.7614306438,189.46638541509998,5.8836330000000014,2513.38,prev1m_cyclic_unbounded,5
Fluvius,2,BISOL_DINAMICNI_PLUS,BISOL_DINAMICNI_PLUS,-,595.9739794162,376.7614306438,213.3289157724,5.8836330000000014,2513.38,prev1m_cyclic_unbounded,5
Fluvius,2,BISOL_FIKSNI@2T,BISOL_FIKSNI,2T,620.8045592591001,425.4545408440001,189.46638541509998,5.8836330000000014,2513.38,prev1m_cyclic_unbounded,5
Fluvius,2,BISOL_FIKSNI@1T,BISOL_FIKSNI,1T,619.2983472591001,423.948328844,189.46638541509998,5.8836330000000014,2513.38,prev1m_cyclic_unbounded,5
Fluvius,2,BISOL_FIKSNI99@2T,BISOL_FIKSNI99,2T,572.8999904591,377.54997204399996,189.46638541509998,5.8836330000000014,2513.38,prev1m_cyclic_unbounded,5
Fluvius,2,BISOL_FIKSNI99@1T,BISOL_FIKSNI99,1T,564.1045224591,368.75450404400004,189.46638541509998,5.8836330000000014,2513.38,prev1m_cyclic_unbounded,5
Fluvius,2,BISOL_FIKSNI_VEZAVA@2T,BISOL_FIKSNI_VEZAVA,2T,587.0749996591,391.724981244,189.46638541509998,5.8836330000000014,2513.38,prev1m_cyclic_unbounded,5
Fluvius,2,BISOL_FIKSNI_VEZAVA@1T,BISOL_FIKSNI_VEZAVA,1T,582.5024640590999,387.15244564399995,189.46638541509998,5.8836330000000014,2513.38,prev1m_cyclic_unbounded,5
Fluvius,2,ELEN_DINAMICNA,ELEN_DINAMICNA,-,568.3564796062001,365.2474785874,197.22536801880003,5.8836330000000014,2513.38,prev1m_cyclic_unbounded,5
Fluvius,2,ELEN_FIKSNI@2T,ELEN_FIKSNI,2T,620.1933783541,431.431176884,182.87856847009996,5.8836330000000014,2513.38,prev1m_cyclic_unbounded,5
Fluvius,2,ELEN_FIKSNI@1T,ELEN_FIKSNI,1T,618.5365451540999,429.774343684,182.87856847009996,5.8836330000000014,2513.38,prev1m_cyclic_unbounded,5
Fluvius,2,ELEN_ZANESLJIVA@2T,ELEN_ZANESLJIVA,2T,604.8617603541,416.09955888400003,182.87856847009996,5.8836330000000014,2513.38,prev1m_cyclic_unbounded,5
Fluvius,2,ELEN_ZANESLJIVA@1T,ELEN_ZANESLJIVA,1T,603.2049271541,414.442725684,182.87856847009996,5.8836330000000014,2513.38,prev1m_cyclic_unbounded,5
Fluvius,2,GENI_AKTIVNI,GENI_AKTIVNI,-,551.9470857407,365.966405104,180.09704763669998,5.8836330000000014,2513.38,prev1m_cyclic_unbounded,5
Fluvius,2,GENI_DINAMICNI,GENI_DINAMICNI,-,565.5749572944001,365.2474785874,194.443845707,5.8836330000000014,2513.38,prev1m_cyclic_unbounded,5
Fluvius,2,GENI_FIKSNI@2T,GENI_FIKSNI,2T,602.0802395207,416.09955888400003,180.09704763669998,5.8836330000000014,2513.38,prev1m_cyclic_unbounded,5
Fluvius,2,GENI_FIKSNI@1T,GENI_FIKSNI,1T,600.4234063207,414.442725684,180.09704763669998,5.8836330000000014,2513.38,prev1m_cyclic_unbounded,5
Fluvius,2,GENI_REDNI@2T,GENI_REDNI,2T,586.7486215207,400.767940884,180.09704763669998,5.8836330000000014,2513.38,prev1m_cyclic_unbounded,5
Fluvius,2,GENI_REDNI@1T,GENI_REDNI,1T,585.0917883207001,399.11110768400005,180.09704763669998,5.8836330000000014,2513.38,prev1m_cyclic_unbounded,5
Fluvius,2,PETROL_AKCIJSKI@2T,PETROL_AKCIJSKI,2T,604.3108326892001,403.836959464,194.5902402252,5.8836330000000014,2513.38,prev1m_cyclic_unbounded,5
Fluvius,2,PETROL_AKCIJSKI@1T,PETROL_AKCIJSKI,1T,602.8046206892001,402.330747464,194.5902402252,5.8836330000000014,2513.38,prev1m_cyclic_unbounded,5
Fluvius,2,PETROL_FIKS2026@2T,PETROL_FIKS2026,2T,613.6604246892001,413.1865514640001,194.5902402252,5.8836330000000014,2513.38,prev1m_cyclic_unbounded,5
Fluvius,2,PETROL_FIKS2026@1T,PETROL_FIKS2026,1T,612.0035914892001,411.529718264,194.5902402252,5.8836330000000014,2513.38,prev1m_cyclic_unbounded,5
Fluvius,2,PETROL_REDNI@2T,PETROL_REDNI,2T,628.8414214892,428.367548264,194.5902402252,5.8836330000000014,2513.38,prev1m_cyclic_unbounded,5
Fluvius,2,PETROL_REDNI@1T,PETROL_REDNI,1T,627.3352094892001,426.8613362640001,194.5902402252,5.8836330000000014,2513.38,prev1m_cyclic_unbounded,5
Fluvius,3,BISOL_DINAMICNI,BISOL_DINAMICNI,-,641.9243073373,451.6300343794,184.4280705459,5.866202412,2863.609,prev1m_cyclic_unbounded,5
Fluvius,3,BISOL_DINAMICNI_PLUS,BISOL_DINAMICNI_PLUS,-,665.7868397777,451.6300343794,208.2906029863,5.866202412,2863.609,prev1m_cyclic_unbounded,5
Fluvius,3,BISOL_FIKSNI@2T,BISOL_FIKSNI,2T,670.6733660457002,480.37909308780013,184.4280705459,5.866202412,2863.609,prev1m_cyclic_unbounded,5
Fluvius,3,BISOL_FIKSNI@1T,BISOL_FIKSNI,1T,672.9590726457001,482.66479968780004,184.4280705459,5.866202412,2863.609,prev1m_cyclic_unbounded,5
Fluvius,3,BISOL_FIKSNI99@2T,BISOL_FIKSNI99,2T,617.0939465057,426.7996735478,184.4280705459,5.866202412,2863.609,prev1m_cyclic_unbounded,5
Fluvius,3,BISOL_FIKSNI99@1T,BISOL_FIKSNI99,1T,610.0742190057,419.7799460478,184.4280705459,5.866202412,2863.609,prev1m_cyclic_unbounded,5
Fluvius,3,BISOL_FIKSNI_VEZAVA@2T,BISOL_FIKSNI_VEZAVA,2T,632.2437332657,441.9494603078,184.4280705459,5.866202412,2863.609,prev1m_cyclic_unbounded,5
Fluvius,3,BISOL_FIKSNI_VEZAVA@1T,BISOL_FIKSNI_VEZAVA,1T,631.0358368857001,440.74156392780003,184.4280705459,5.866202412,2863.609,prev1m_cyclic_unbounded,5
Fluvius,3,ELEN_DINAMICNA,ELEN_DINAMICNA,-,634.7729051426,436.719649293,192.1870534376,5.866202412,2863.609,prev1m_cyclic_unbounded,5
Fluvius,3,ELEN_FIKSNI@2T,ELEN_FIKSNI,2T,670.4948255907001,486.78836808980003,177.84025508890002,5.866202412,2863.609,prev1m_cyclic_unbounded,5
Fluvius,3,ELEN_FIKSNI@1T,ELEN_FIKSNI,1T,673.0091028507,489.30264534979995,177.84025508890002,5.866202412,2863.609,prev1m_cyclic_unbounded,5
Fluvius,3,ELEN_ZANESLJIVA@2T,ELEN_ZANESLJIVA,2T,653.0268106907,469.3203531898,177.84025508890002,5.866202412,2863.609,prev1m_cyclic_unbounded,5
Fluvius,3,ELEN_ZANESLJIVA@1T,ELEN_ZANESLJIVA,1T,655.5410879507,471.8346304498,177.84025508890002,5.866202412,2863.609,prev1m_cyclic_unbounded,5
Fluvius,3,GENI_AKTIVNI,GENI_AKTIVNI,-,632.1575222973,451.2325868298,175.05873305549997,5.866202412,2863.609,prev1m_cyclic_unbounded,5
Fluvius,3,GENI_DINAMICNI,GENI_DINAMICNI,-,631.9913846164,436.719649293,189.4055329114,5.866202412,2863.609,prev1m_cyclic_unbounded,5
Fluvius,3,GENI_FIKSNI@2T,GENI_FIKSNI,2T,650.2452886573,469.3203531898,175.05873305549997,5.866202412,2863.609,prev1m_cyclic_unbounded,5
Fluvius,3,GENI_FIKSNI@1T,GENI_FIKSNI,1T,652.7595659172999,471.8346304498,175.05873305549997,5.866202412,2863.609,prev1m_cyclic_unbounded,5
Fluvius,3,GENI_REDNI@2T,GENI_REDNI,2T,632.7772737573,451.8523382898,175.05873305549997,5.866202412,2863.609,prev1m_cyclic_unbounded,5
Fluvius,3,GENI_REDNI@1T,GENI_REDNI,1T,635.2915510173001,454.36661554980014,175.05873305549997,5.866202412,2863.609,prev1m_cyclic_unbounded,5
Fluvius,3,PETROL_AKCIJSKI@2T,PETROL_AKCIJSKI,2T,651.1673222179,455.7491920788,189.5519277271,5.866202412,2863.609,prev1m_cyclic_unbounded,5
Fluvius,3,PETROL_AKCIJSKI@1T,PETROL_AKCIJSKI,1T,653.4530288179,458.0348986788,189.5519277271,5.866202412,2863.609,prev1m_cyclic_unbounded,5
Fluvius,3,PETROL_FIKS2026@2T,PETROL_FIKS2026,2T,661.4195604979001,466.00143035880006,189.5519277271,5.866202412,2863.609,prev1m_cyclic_unbounded,5
Fluvius,3,PETROL_FIKS2026@1T,PETROL_FIKS2026,1T,663.9338377579,468.51570761880004,189.5519277271,5.866202412,2863.609,prev1m_cyclic_unbounded,5
Fluvius,3,PETROL_REDNI@2T,PETROL_REDNI,2T,679.1161460579,483.6980159188,189.5519277271,5.866202412,2863.609,prev1m_cyclic_unbounded,5
Fluvius,3,PETROL_REDNI@1T,PETROL_REDNI,1T,681.4018526579001,485.98372251880005,189.5519277271,5.866202412,2863.609,prev1m_cyclic_unbounded,5
Fluvius,4,BISOL_DINAMICNI,BISOL_DINAMICNI,-,602.7286351345001,444.19610497220003,154.83959990030004,3.692930262,2764.8630000000003,prev1m_cyclic_unbounded,5
Fluvius,4,BISOL_DINAMICNI_PLUS,BISOL_DINAMICNI_PLUS,-,626.5911667005001,444.19610497220003,178.70213146630005,3.692930262,2764.8630000000003,prev1m_cyclic_unbounded,5
Fluvius,4,BISOL_FIKSNI@2T,BISOL_FIKSNI,2T,626.8034118289002,468.2708816666001,154.83959990030004,3.692930262,2764.8630000000003,prev1m_cyclic_unbounded,5
Fluvius,4,BISOL_FIKSNI@1T,BISOL_FIKSNI,1T,624.7142228289,466.18169266659993,154.83959990030004,3.692930262,2764.8630000000003,prev1m_cyclic_unbounded,5
Fluvius,4,BISOL_FIKSNI99@2T,BISOL_FIKSNI99,2T,573.9975552489001,415.4650250866,154.83959990030004,3.692930262,2764.8630000000003,prev1m_cyclic_unbounded,5
Fluvius,4,BISOL_FIKSNI99@1T,BISOL_FIKSNI99,1T,563.9978313489001,405.4653011866001,154.83959990030004,3.692930262,2764.8630000000003,prev1m_cyclic_unbounded,5
Fluvius,4,BISOL_FIKSNI_VEZAVA@2T,BISOL_FIKSNI_VEZAVA,2T,589.6989503689,431.1664202066,154.83959990030004,3.692930262,2764.8630000000003,prev1m_cyclic_unbounded,5
Fluvius,4,BISOL_FIKSNI_VEZAVA@1T,BISOL_FIKSNI_VEZAVA,1T,584.2366285089,425.7040983466,154.83959990030004,3.692930262,2764.8630000000003,prev1m_cyclic_unbounded,5
Fluvius,4,ELEN_DINAMICNA,ELEN_DINAMICNA,-,594.2754447689999,427.9839322814,162.59858222559998,3.692930262,2764.8630000000003,prev1m_cyclic_unbounded,5
Fluvius,4,ELEN_FIKSNI@2T,ELEN_FIKSNI,2T,626.8334677059,474.88875300060005,148.2517844433,3.692930262,2764.8630000000003,prev1m_cyclic_unbounded,5
Fluvius,4,ELEN_FIKSNI@1T,ELEN_FIKSNI,1T,624.5353598058999,472.5906451005999,148.2517844433,3.692930262,2764.8630000000003,prev1m_cyclic_unbounded,5
Fluvius,4,ELEN_ZANESLJIVA@2T,ELEN_ZANESLJIVA,2T,609.9678034059,458.02308870059994,148.2517844433,3.692930262,2764.8630000000003,prev1m_cyclic_unbounded,5
Fluvius,4,ELEN_ZANESLJIVA@1T,ELEN_ZANESLJIVA,1T,607.6696955059001,455.72498080060006,148.2517844433,3.692930262,2764.8630000000003,prev1m_cyclic_unbounded,5
Fluvius,4,GENI_AKTIVNI,GENI_AKTIVNI,-,589.6402142636999,440.47702186059996,145.47026214110002,3.692930262,2764.8630000000003,prev1m_cyclic_unbounded,5
Fluvius,4,GENI_DINAMICNI,GENI_DINAMICNI,-,591.4939233491999,427.9839322814,159.81706080579997,3.692930262,2764.8630000000003,prev1m_cyclic_unbounded,5
Fluvius,4,GENI_FIKSNI@2T,GENI_FIKSNI,2T,607.1862811037,458.02308870059994,145.47026214110002,3.692930262,2764.8630000000003,prev1m_cyclic_unbounded,5
Fluvius,4,GENI_FIKSNI@1T,GENI_FIKSNI,1T,604.8881732037001,455.72498080060006,145.47026214110002,3.692930262,2764.8630000000003,prev1m_cyclic_unbounded,5
Fluvius,4,GENI_REDNI@2T,GENI_REDNI,2T,590.3206168037001,441.1574244006,145.47026214110002,3.692930262,2764.8630000000003,prev1m_cyclic_unbounded,5
Fluvius,4,GENI_REDNI@1T,GENI_REDNI,1T,588.0225089037002,438.85931650060013,145.47026214110002,3.692930262,2764.8630000000003,prev1m_cyclic_unbounded,5
Fluvius,4,PETROL_AKCIJSKI@2T,PETROL_AKCIJSKI,2T,608.1466814823001,444.49029500360007,159.96345621670002,3.692930262,2764.8630000000003,prev1m_cyclic_unbounded,5
Fluvius,4,PETROL_AKCIJSKI@1T,PETROL_AKCIJSKI,1T,606.0574924823001,442.40110600360003,159.96345621670002,3.692930262,2764.8630000000003,prev1m_cyclic_unbounded,5
Fluvius,4,PETROL_FIKS2026@2T,PETROL_FIKS2026,2T,618.4749989623,454.8186124836,159.96345621670002,3.692930262,2764.8630000000003,prev1m_cyclic_unbounded,5
Fluvius,4,PETROL_FIKS2026@1T,PETROL_FIKS2026,1T,616.1768910623001,452.5205045836001,159.96345621670002,3.692930262,2764.8630000000003,prev1m_cyclic_unbounded,5
Fluvius,4,PETROL_REDNI@2T,PETROL_REDNI,2T,635.1317443623,471.47535788359994,159.96345621670002,3.692930262,2764.8630000000003,prev1m_cyclic_unbounded,5
Fluvius,4,PETROL_REDNI@1T,PETROL_REDNI,1T,633.0425553623002,469.38616888360013,159.96345621670002,3.692930262,2764.8630000000003,prev1m_cyclic_unbounded,5
Fluvius,5,BISOL_DINAMICNI,BISOL_DINAMICNI,-,207.8971022526,119.8462331426,70.580157754,17.470711356000002,734.002,prev1m_cyclic_unbounded,5
Fluvius,5,BISOL_DINAMICNI_PLUS,BISOL_DINAMICNI_PLUS,-,231.75963411700002,119.8462331426,94.44268961840001,17.470711356000002,734.002,prev1m_cyclic_unbounded,5
Fluvius,5,BISOL_FIKSNI@2T,BISOL_FIKSNI,2T,211.1241278394,123.07325872939998,70.580157754,17.470711356000002,734.002,prev1m_cyclic_unbounded,5
Fluvius,5,BISOL_FIKSNI@1T,BISOL_FIKSNI,1T,211.80637623940004,123.75550712940003,70.580157754,17.470711356000002,734.002,prev1m_cyclic_unbounded,5
Fluvius,5,BISOL_FIKSNI99@2T,BISOL_FIKSNI99,2T,197.41471211939998,109.36384300939999,70.580157754,17.470711356000002,734.002,prev1m_cyclic_unbounded,5
Fluvius,5,BISOL_FIKSNI99@1T,BISOL_FIKSNI99,1T,195.68769231939996,107.63682320939995,70.580157754,17.470711356000002,734.002,prev1m_cyclic_unbounded,5
Fluvius,5,BISOL_FIKSNI_VEZAVA@2T,BISOL_FIKSNI_VEZAVA,2T,201.27382099940004,113.22295188940004,70.580157754,17.470711356000002,734.002,prev1m_cyclic_unbounded,5
Fluvius,5,BISOL_FIKSNI_VEZAVA@1T,BISOL_FIKSNI_VEZAVA,1T,201.06058695940004,113.00971784940003,70.580157754,17.470711356000002,734.002,prev1m_cyclic_unbounded,5
Fluvius,5,ELEN_DINAMICNA,ELEN_DINAMICNA,-,212.04127282410002,116.2314211008,78.3391403673,17.470711356000002,734.002,prev1m_cyclic_unbounded,5
Fluvius,5,ELEN_FIKSNI@2T,ELEN_FIKSNI,2T,206.1695041784,124.70645052539999,63.992342297,17.470711356000002,734.002,prev1m_cyclic_unbounded,5
Fluvius,5,ELEN_FIKSNI@1T,ELEN_FIKSNI,1T,206.91997741839998,125.45692376539996,63.992342297,17.470711356000002,734.002,prev1m_cyclic_unbounded,5
Fluvius,5,ELEN_ZANESLJIVA@2T,ELEN_ZANESLJIVA,2T,201.69209197840001,120.22903832540001,63.992342297,17.470711356000002,734.002,prev1m_cyclic_unbounded,5
Fluvius,5,ELEN_ZANESLJIVA@1T,ELEN_ZANESLJIVA,1T,202.44256521840006,120.97951156540005,63.992342297,17.470711356000002,734.002,prev1m_cyclic_unbounded,5
Fluvius,5,GENI_AKTIVNI,GENI_AKTIVNI,-,196.39499188660002,117.71346054540001,61.2108199852,17.470711356000002,734.002,prev1m_cyclic_unbounded,5
Fluvius,5,GENI_DINAMICNI,GENI_DINAMICNI,-,209.25975110740004,116.2314211008,75.5576186506,17.470711356000002,734.002,prev1m_cyclic_unbounded,5
Fluvius,5,GENI_FIKSNI@2T,GENI_FIKSNI,2T,198.91056966660003,120.22903832540001,61.2108199852,17.470711356000002,734.002,prev1m_cyclic_unbounded,5
Fluvius,5,GENI_FIKSNI@1T,GENI_FIKSNI,1T,199.66104290660004,120.97951156540005,61.2108199852,17.470711356000002,734.002,prev1m_cyclic_unbounded,5
Fluvius,5,GENI_REDNI@2T,GENI_REDNI,2T,194.4331574666,115.7516261254,61.2108199852,17.470711356000002,734.002,prev1m_cyclic_unbounded,5
Fluvius,5,GENI_REDNI@1T,GENI_REDNI,1T,195.18363070660004,116.50209936540003,61.2108199852,17.470711356000002,734.002,prev1m_cyclic_unbounded,5
Fluvius,5,PETROL_AKCIJSKI@2T,PETROL_AKCIJSKI,2T,209.93483324259998,116.76010752739998,75.70401435919999,17.470711356000002,734.002,prev1m_cyclic_unbounded,5
Fluvius,5,PETROL_AKCIJSKI@1T,PETROL_AKCIJSKI,1T,210.61708164260003,117.44235592740003,75.70401435919999,17.470711356000002,734.002,prev1m_cyclic_unbounded,5
Fluvius,5,PETROL_FIKS2026@2T,PETROL_FIKS2026,2T,212.55305572260002,119.37833000740004,75.70401435919999,17.470711356000002,734.002,prev1m_cyclic_unbounded,5
Fluvius,5,PETROL_FIKS2026@1T,PETROL_FIKS2026,1T,213.30352896259996,120.12880324739996,75.70401435919999,17.470711356000002,734.002,prev1m_cyclic_unbounded,5
Fluvius,5,PETROL_REDNI@2T,PETROL_REDNI,2T,217.09869276259997,123.92396704739997,75.70401435919999,17.470711356000002,734.002,prev1m_cyclic_unbounded,5
Fluvius,5,PETROL_REDNI@1T,PETROL_REDNI,1T,217.78094116259996,124.60621544739996,75.70401435919999,17.470711356000002,734.002,prev1m_cyclic_unbounded,5
Fluvius_EV,1,BISOL_DINAMICNI,BISOL_DINAMICNI,-,694.2987073037999,509.73892317779996,177.069675024,7.490109102000001,3193.812,prev1m_cyclic_unbounded,5
Fluvius_EV,1,BISOL_DINAMICNI_PLUS,BISOL_DINAMICNI_PLUS,-,718.1612394467,509.73892317779996,200.9322071669,7.490109102000001,3193.812,prev1m_cyclic_unbounded,5
Fluvius_EV,1,BISOL_FIKSNI@2T,BISOL_FIKSNI,2T,723.9419717587999,539.3821876328,177.069675024,7.490109102000001,3193.812,prev1m_cyclic_unbounded,5
Fluvius_EV,1,BISOL_FIKSNI@1T,BISOL_FIKSNI,1T,723.1357225588,538.5759384328001,177.069675024,7.490109102000001,3193.812,prev1m_cyclic_unbounded,5
Fluvius_EV,1,BISOL_FIKSNI99@2T,BISOL_FIKSNI99,2T,663.3454245388,478.7856404128,177.069675024,7.490109102000001,3193.812,prev1m_cyclic_unbounded,5
Fluvius_EV,1,BISOL_FIKSNI99@1T,BISOL_FIKSNI99,1T,652.9996110388,468.4398269128001,177.069675024,7.490109102000001,3193.812,prev1m_cyclic_unbounded,5
Fluvius_EV,1,BISOL_FIKSNI_VEZAVA@2T,BISOL_FIKSNI_VEZAVA,2T,681.0810147188,496.52123059280007,177.069675024,7.490109102000001,3193.812,prev1m_cyclic_unbounded,5
Fluvius_EV,1,BISOL_FIKSNI_VEZAVA@1T,BISOL_FIKSNI_VEZAVA,1T,676.3783148788001,491.81853075280003,177.069675024,7.490109102000001,3193.812,prev1m_cyclic_unbounded,5
Fluvius_EV,1,ELEN_DINAMICNA,ELEN_DINAMICNA,-,685.9557893885,493.63702237079997,184.8286579157,7.490109102000001,3193.812,prev1m_cyclic_unbounded,5
Fluvius_EV,1,ELEN_FIKSNI@2T,ELEN_FIKSNI,2T,724.8380377162,546.8660687688,170.4818598454,7.490109102000001,3193.812,prev1m_cyclic_unbounded,5
Fluvius_EV,1,ELEN_FIKSNI@1T,ELEN_FIKSNI,1T,723.9511635961999,545.9791946487999,170.4818598454,7.490109102000001,3193.812,prev1m_cyclic_unbounded,5
Fluvius_EV,1,ELEN_ZANESLJIVA@2T,ELEN_ZANESLJIVA,2T,705.3557845162,527.3838155688,170.4818598454,7.490109102000001,3193.812,prev1m_cyclic_unbounded,5
Fluvius_EV,1,ELEN_ZANESLJIVA@1T,ELEN_ZANESLJIVA,1T,704.4689103962002,526.4969414488002,170.4818598454,7.490109102000001,3193.812,prev1m_cyclic_unbounded,5
Fluvius_EV,1,GENI_AKTIVNI,GENI_AKTIVNI,-,682.3125522244001,507.1221055888001,167.70033753360002,7.490109102000001,3193.812,prev1m_cyclic_unbounded,5
Fluvius_EV,1,GENI_DINAMICNI,GENI_DINAMICNI,-,683.1742676719,493.63702237079997,182.0471361991,7.490109102000001,3193.812,prev1m_cyclic_unbounded,5
Fluvius_EV,1,GENI_FIKSNI@2T,GENI_FIKSNI,2T,702.5742622044,527.3838155688,167.70033753360002,7.490109102000001,3193.812,prev1m_cyclic_unbounded,5
Fluvius_EV,1,GENI_FIKSNI@1T,GENI_FIKSNI,1T,701.6873880844001,526.4969414488002,167.70033753360002,7.490109102000001,3193.812,prev1m_cyclic_unbounded,5
Fluvius_EV,1,GENI_REDNI@2T,GENI_REDNI,2T,683.0920090044,507.9015623688,167.70033753360002,7.490109102000001,3193.812,prev1m_cyclic_unbounded,5
Fluvius_EV,1,GENI_REDNI@1T,GENI_REDNI,1T,682.2051348844001,507.01468824880004,167.70033753360002,7.490109102000001,3193.812,prev1m_cyclic_unbounded,5
Fluvius_EV,1,PETROL_AKCIJSKI@2T,PETROL_AKCIJSKI,2T,701.5958516305,511.91221062079995,182.19353190770002,7.490109102000001,3193.812,prev1m_cyclic_unbounded,5
Fluvius_EV,1,PETROL_AKCIJSKI@1T,PETROL_AKCIJSKI,1T,700.7896024305,511.1059614208,182.19353190770002,7.490109102000001,3193.812,prev1m_cyclic_unbounded,5
Fluvius_EV,1,PETROL_FIKS2026@2T,PETROL_FIKS2026,2T,713.3658284705001,523.6821874608,182.19353190770002,7.490109102000001,3193.812,prev1m_cyclic_unbounded,5
Fluvius_EV,1,PETROL_FIKS2026@1T,PETROL_FIKS2026,1T,712.4789543505001,522.7953133408,182.19353190770002,7.490109102000001,3193.812,prev1m_cyclic_unbounded,5
Fluvius_EV,1,PETROL_REDNI@2T,PETROL_REDNI,2T,732.7674567505001,543.0838157408,182.19353190770002,7.490109102000001,3193.812,prev1m_cyclic_unbounded,5
Fluvius_EV,1,PETROL_REDNI@1T,PETROL_REDNI,1T,731.9612075505001,542.2775665408001,182.19353190770002,7.490109102000001,3193.812,prev1m_cyclic_unbounded,5
Fluvius_EV,2,BISOL_DINAMICNI,BISOL_DINAMICNI,-,1704.2079198642002,1459.937297398,233.5413874742,10.729234992000006,10022.657,prev1m_cyclic_unbounded,5
Fluvius_EV,2,BISOL_DINAMICNI_PLUS,BISOL_DINAMICNI_PLUS,-,1728.0704514118001,1459.937297398,257.4039190218,10.729234992000006,10022.657,prev1m_cyclic_unbounded,5
Fluvius_EV,2,BISOL_FIKSNI@2T,BISOL_FIKSNI,2T,1853.5496086790001,1609.2789862128,233.5413874742,10.729234992000006,10022.657,prev1m_cyclic_unbounded,5
Fluvius_EV,2,BISOL_FIKSNI@1T,BISOL_FIKSNI,1T,1922.4956760790003,1678.2250536128001,233.5413874742,10.729234992000006,10022.657,prev1m_cyclic_unbounded,5
Fluvius_EV,2,BISOL_FIKSNI99@2T,BISOL_FIKSNI99,2T,1681.2576816590001,1436.9870591928,233.5413874742,10.729234992000006,10022.657,prev1m_cyclic_unbounded,5
Fluvius_EV,2,BISOL_FIKSNI99@1T,BISOL_FIKSNI99,1T,1702.398128359,1458.1275058928,233.5413874742,10.729234992000006,10022.657,prev1m_cyclic_unbounded,5
Fluvius_EV,2,BISOL_FIKSNI_VEZAVA@2T,BISOL_FIKSNI_VEZAVA,2T,1719.045551739,1474.7749292728,233.5413874742,10.729234992000006,10022.657,prev1m_cyclic_unbounded,5
Fluvius_EV,2,BISOL_FIKSNI_VEZAVA@1T,BISOL_FIKSNI_VEZAVA,1T,1775.7639775990003,1531.4933551328002,233.5413874742,10.729234992000006,10022.657,prev1m_cyclic_unbounded,5
Fluvius_EV,2,ELEN_DINAMICNA,ELEN_DINAMICNA,-,1679.5359370221,1427.5063319426,241.3003700875,10.729234992000006,10022.657,prev1m_cyclic_unbounded,5
Fluvius_EV,2,ELEN_FIKSNI@2T,ELEN_FIKSNI,2T,1863.2997051104,1625.6168983988,226.9535717196,10.729234992000006,10022.657,prev1m_cyclic_unbounded,5
Fluvius_EV,2,ELEN_FIKSNI@1T,ELEN_FIKSNI,1T,1939.1403792504002,1701.4575725388002,226.9535717196,10.729234992000006,10022.657,prev1m_cyclic_unbounded,5
Fluvius_EV,2,ELEN_ZANESLJIVA@2T,ELEN_ZANESLJIVA,2T,1802.1614974104002,1564.4786906988002,226.9535717196,10.729234992000006,10022.657,prev1m_cyclic_unbounded,5
Fluvius_EV,2,ELEN_ZANESLJIVA@1T,ELEN_ZANESLJIVA,1T,1878.0021715504001,1640.3193648388,226.9535717196,10.729234992000006,10022.657,prev1m_cyclic_unbounded,5
Fluvius_EV,2,GENI_AKTIVNI,GENI_AKTIVNI,-,1919.1944600762004,1684.2931753788002,224.17204970539998,10.729234992000006,10022.657,prev1m_cyclic_unbounded,5
Fluvius_EV,2,GENI_DINAMICNI,GENI_DINAMICNI,-,1676.7544144223,1427.5063319426,238.5188474877,10.729234992000006,10022.657,prev1m_cyclic_unbounded,5
Fluvius_EV,2,GENI_FIKSNI@2T,GENI_FIKSNI,2T,1799.3799753962003,1564.4786906988002,224.17204970539998,10.729234992000006,10022.657,prev1m_cyclic_unbounded,5
Fluvius_EV,2,GENI_FIKSNI@1T,GENI_FIKSNI,1T,1875.2206495362002,1640.3193648388,224.17204970539998,10.729234992000006,10022.657,prev1m_cyclic_unbounded,5
Fluvius_EV,2,GENI_REDNI@2T,GENI_REDNI,2T,1738.2417676962,1503.3404829987999,224.17204970539998,10.729234992000006,10022.657,prev1m_cyclic_unbounded,5
Fluvius_EV,2,GENI_REDNI@1T,GENI_REDNI,1T,1814.0824418362001,1579.1811571388,224.17204970539998,10.729234992000006,10022.657,prev1m_cyclic_unbounded,5
Fluvius_EV,2,PETROL_AKCIJSKI@2T,PETROL_AKCIJSKI,2T,1772.4685924272,1523.0741133558,238.66524407939997,10.729234992000006,10022.657,prev1m_cyclic_unbounded,5
Fluvius_EV,2,PETROL_AKCIJSKI@1T,PETROL_AKCIJSKI,1T,1841.4146598272002,1592.0201807558,238.66524407939997,10.729234992000006,10022.657,prev1m_cyclic_unbounded,5
Fluvius_EV,2,PETROL_FIKS2026@2T,PETROL_FIKS2026,2T,1802.2569103072003,1552.8624312358002,238.66524407939997,10.729234992000006,10022.657,prev1m_cyclic_unbounded,5
Fluvius_EV,2,PETROL_FIKS2026@1T,PETROL_FIKS2026,1T,1878.0975844471998,1628.7031053757996,238.66524407939997,10.729234992000006,10022.657,prev1m_cyclic_unbounded,5
Fluvius_EV,2,PETROL_REDNI@2T,PETROL_REDNI,2T,1870.2897247472006,1620.8952456758004,238.66524407939997,10.729234992000006,10022.657,prev1m_cyclic_unbounded,5
Fluvius_EV,2,PETROL_REDNI@1T,PETROL_REDNI,1T,1939.2357921472,1689.8413130758,238.66524407939997,10.729234992000006,10022.657,prev1m_cyclic_unbounded,5
Fluvius_EV,3,BISOL_DINAMICNI,BISOL_DINAMICNI,-,825.4195570521,624.7621452776,192.71285381050004,7.9445579639999995,3824.192,prev1m_cyclic_unbounded,5
Fluvius_EV,3,BISOL_DINAMICNI_PLUS,BISOL_DINAMICNI_PLUS,-,849.2820886180999,624.7621452776,216.5753853765,7.9445579639999995,3824.192,prev1m_cyclic_unbounded,5
Fluvius_EV,3,BISOL_FIKSNI@2T,BISOL_FIKSNI,2T,844.8358373979,644.1784256234,192.71285381050004,7.9445579639999995,3824.192,prev1m_cyclic_unbounded,5
Fluvius_EV,3,BISOL_FIKSNI@1T,BISOL_FIKSNI,1T,845.0792029978999,644.4217912233999,192.71285381050004,7.9445579639999995,3824.192,prev1m_cyclic_unbounded,5
Fluvius_EV,3,BISOL_FIKSNI99@2T,BISOL_FIKSNI99,2T,772.5812080779,571.9237963034,192.71285381050004,7.9445579639999995,3824.192,prev1m_cyclic_unbounded,5
Fluvius_EV,3,BISOL_FIKSNI99@1T,BISOL_FIKSNI99,1T,761.0999466779,560.4425349034,192.71285381050004,7.9445579639999995,3824.192,prev1m_cyclic_unbounded,5
Fluvius_EV,3,BISOL_FIKSNI_VEZAVA@2T,BISOL_FIKSNI_VEZAVA,2T,793.5151807579001,592.8577689834001,192.71285381050004,7.9445579639999995,3824.192,prev1m_cyclic_unbounded,5
Fluvius_EV,3,BISOL_FIKSNI_VEZAVA@1T,BISOL_FIKSNI_VEZAVA,1T,789.0930321179,588.4356203433999,192.71285381050004,7.9445579639999995,3824.192,prev1m_cyclic_unbounded,5
Fluvius_EV,3,ELEN_DINAMICNA,ELEN_DINAMICNA,-,810.5642411115999,602.1478467238,200.4718364238,7.9445579639999995,3824.192,prev1m_cyclic_unbounded,5
Fluvius_EV,3,ELEN_FIKSNI@2T,ELEN_FIKSNI,2T,847.0881624369,653.0185661194,186.12503835349997,7.9445579639999995,3824.192,prev1m_cyclic_unbounded,5
Fluvius_EV,3,ELEN_FIKSNI@1T,ELEN_FIKSNI,1T,847.3558645968998,653.2862682793999,186.12503835349997,7.9445579639999995,3824.192,prev1m_cyclic_unbounded,5
Fluvius_EV,3,ELEN_ZANESLJIVA@2T,ELEN_ZANESLJIVA,2T,823.7605912369,629.6909949194,186.12503835349997,7.9445579639999995,3824.192,prev1m_cyclic_unbounded,5
Fluvius_EV,3,ELEN_ZANESLJIVA@1T,ELEN_ZANESLJIVA,1T,824.0282933969,629.9586970794,186.12503835349997,7.9445579639999995,3824.192,prev1m_cyclic_unbounded,5
Fluvius_EV,3,GENI_AKTIVNI,GENI_AKTIVNI,-,817.7802862651,626.4922122594,183.3435160417,7.9445579639999995,3824.192,prev1m_cyclic_unbounded,5
Fluvius_EV,3,GENI_DINAMICNI,GENI_DINAMICNI,-,807.7827188093999,602.1478467238,197.6903141216,7.9445579639999995,3824.192,prev1m_cyclic_unbounded,5
Fluvius_EV,3,GENI_FIKSNI@2T,GENI_FIKSNI,2T,820.9790689251,629.6909949194,183.3435160417,7.9445579639999995,3824.192,prev1m_cyclic_unbounded,5
Fluvius_EV,3,GENI_FIKSNI@1T,GENI_FIKSNI,1T,821.2467710851,629.9586970794,183.3435160417,7.9445579639999995,3824.192,prev1m_cyclic_unbounded,5
Fluvius_EV,3,GENI_REDNI@2T,GENI_REDNI,2T,797.6514977251001,606.3634237194001,183.3435160417,7.9445579639999995,3824.192,prev1m_cyclic_unbounded,5
Fluvius_EV,3,GENI_REDNI@1T,GENI_REDNI,1T,797.9191998851,606.6311258794001,183.3435160417,7.9445579639999995,3824.192,prev1m_cyclic_unbounded,5
Fluvius_EV,3,PETROL_AKCIJSKI@2T,PETROL_AKCIJSKI,2T,817.0678189086999,611.2865502314,197.83671071329996,7.9445579639999995,3824.192,prev1m_cyclic_unbounded,5
Fluvius_EV,3,PETROL_AKCIJSKI@1T,PETROL_AKCIJSKI,1T,817.3111845087,611.5299158314,197.83671071329996,7.9445579639999995,3824.192,prev1m_cyclic_unbounded,5
Fluvius_EV,3,PETROL_FIKS2026@2T,PETROL_FIKS2026,2T,831.0400250687,625.2587563914001,197.83671071329996,7.9445579639999995,3824.192,prev1m_cyclic_unbounded,5
Fluvius_EV,3,PETROL_FIKS2026@1T,PETROL_FIKS2026,1T,831.3077272287,625.5264585514001,197.83671071329996,7.9445579639999995,3824.192,prev1m_cyclic_unbounded,5
Fluvius_EV,3,PETROL_REDNI@2T,PETROL_REDNI,2T,854.3919328286999,648.6106641514,197.83671071329996,7.9445579639999995,3824.192,prev1m_cyclic_unbounded,5
Fluvius_EV,3,PETROL_REDNI@1T,PETROL_REDNI,1T,854.6352984287001,648.8540297514003,197.83671071329996,7.9445579639999995,3824.192,prev1m_cyclic_unbounded,5
Fluvius_EV,4,BISOL_DINAMICNI,BISOL_DINAMICNI,-,1294.5467785540002,951.8864167526001,341.0297383034,1.630623498,6394.706,prev1m_cyclic_unbounded,5
Fluvius_EV,4,BISOL_DINAMICNI_PLUS,BISOL_DINAMICNI_PLUS,-,1318.4093103888001,951.8864167526001,364.8922701382,1.630623498,6394.706,prev1m_cyclic_unbounded,5
Fluvius_EV,4,BISOL_FIKSNI@2T,BISOL_FIKSNI,2T,1400.4310730566,1057.7707112552002,341.0297383034,1.630623498,6394.706,prev1m_cyclic_unbounded,5
Fluvius_EV,4,BISOL_FIKSNI@1T,BISOL_FIKSNI,1T,1417.3971982565997,1074.7368364551999,341.0297383034,1.630623498,6394.706,prev1m_cyclic_unbounded,5
Fluvius_EV,4,BISOL_FIKSNI99@2T,BISOL_FIKSNI99,2T,1283.7487138966,941.0883520952,341.0297383034,1.630623498,6394.706,prev1m_cyclic_unbounded,5
Fluvius_EV,4,BISOL_FIKSNI99@1T,BISOL_FIKSNI99,1T,1276.9694544966,934.3090926952001,341.0297383034,1.630623498,6394.706,prev1m_cyclic_unbounded,5
Fluvius_EV,4,BISOL_FIKSNI_VEZAVA@2T,BISOL_FIKSNI_VEZAVA,2T,1314.6141185366,971.9537567352,341.0297383034,1.630623498,6394.706,prev1m_cyclic_unbounded,5
Fluvius_EV,4,BISOL_FIKSNI_VEZAVA@1T,BISOL_FIKSNI_VEZAVA,1T,1323.7787024165998,981.1183406151999,341.0297383034,1.630623498,6394.706,prev1m_cyclic_unbounded,5
Fluvius_EV,4,ELEN_DINAMICNA,ELEN_DINAMICNA,-,1276.4935403707,926.074195956,348.7887209166999,1.630623498,6394.706,prev1m_cyclic_unbounded,5
Fluvius_EV,4,ELEN_FIKSNI@2T,ELEN_FIKSNI,2T,1406.9695732891998,1070.8970272431998,334.44192254800004,1.630623498,6394.706,prev1m_cyclic_unbounded,5
Fluvius_EV,4,ELEN_FIKSNI@1T,ELEN_FIKSNI,1T,1425.6323110092,1089.5597649632,334.44192254800004,1.630623498,6394.706,prev1m_cyclic_unbounded,5
Fluvius_EV,4,ELEN_ZANESLJIVA@2T,ELEN_ZANESLJIVA,2T,1367.9618666892002,1031.8893206432,334.44192254800004,1.630623498,6394.706,prev1m_cyclic_unbounded,5
Fluvius_EV,4,ELEN_ZANESLJIVA@1T,ELEN_ZANESLJIVA,1T,1386.6246044092002,1050.5520583632,334.44192254800004,1.630623498,6394.706,prev1m_cyclic_unbounded,5
Fluvius_EV,4,GENI_AKTIVNI,GENI_AKTIVNI,-,1356.3620968358,1023.0710728032,331.6604005346,1.630623498,6394.706,prev1m_cyclic_unbounded,5
Fluvius_EV,4,GENI_DINAMICNI,GENI_DINAMICNI,-,1273.7120183469,926.074195956,346.0071988929,1.630623498,6394.706,prev1m_cyclic_unbounded,5
Fluvius_EV,4,GENI_FIKSNI@2T,GENI_FIKSNI,2T,1365.1803446758001,1031.8893206432,331.6604005346,1.630623498,6394.706,prev1m_cyclic_unbounded,5
Fluvius_EV,4,GENI_FIKSNI@1T,GENI_FIKSNI,1T,1383.8430823958001,1050.5520583632,331.6604005346,1.630623498,6394.706,prev1m_cyclic_unbounded,5
Fluvius_EV,4,GENI_REDNI@2T,GENI_REDNI,2T,1326.1726380758,992.8816140432,331.6604005346,1.630623498,6394.706,prev1m_cyclic_unbounded,5
Fluvius_EV,4,GENI_REDNI@1T,GENI_REDNI,1T,1344.8353757958,1011.5443517632,331.6604005346,1.630623498,6394.706,prev1m_cyclic_unbounded,5
Fluvius_EV,4,PETROL_AKCIJSKI@2T,PETROL_AKCIJSKI,2T,1350.554063355,1002.7698449492,346.1535949078,1.630623498,6394.706,prev1m_cyclic_unbounded,5
Fluvius_EV,4,PETROL_AKCIJSKI@1T,PETROL_AKCIJSKI,1T,1367.520188555,1019.7359701492,346.1535949078,1.630623498,6394.706,prev1m_cyclic_unbounded,5
Fluvius_EV,4,PETROL_FIKS2026@2T,PETROL_FIKS2026,2T,1372.262074795,1024.4778563892,346.1535949078,1.630623498,6394.706,prev1m_cyclic_unbounded,5
Fluvius_EV,4,PETROL_FIKS2026@1T,PETROL_FIKS2026,1T,1390.9248125149998,1043.1405941091998,346.1535949078,1.630623498,6394.706,prev1m_cyclic_unbounded,5
Fluvius_EV,4,PETROL_REDNI@2T,PETROL_REDNI,2T,1412.966393915,1065.1821755092,346.1535949078,1.630623498,6394.706,prev1m_cyclic_unbounded,5
Fluvius_EV,4,PETROL_REDNI@1T,PETROL_REDNI,1T,1429.932519115,1082.1483007092002,346.1535949078,1.630623498,6394.706,prev1m_cyclic_unbounded,5
Fluvius_EV,5,BISOL_DINAMICNI,BISOL_DINAMICNI,-,990.4404919284,674.9134850364,303.55284465,11.974162241999997,3923.0069999999996,prev1m_cyclic_unbounded,5
Fluvius_EV,5,BISOL_DINAMICNI_PLUS,BISOL_DINAMICNI_PLUS,-,1014.3030231985,674.9134850364,327.41537592009996,11.974162241999997,3923.0069999999996,prev1m_cyclic_unbounded,5
Fluvius_EV,5,BISOL_FIKSNI@2T,BISOL_FIKSNI,2T,982.5441679178003,667.0171610258003,303.55284465,11.974162241999997,3923.0069999999996,prev1m_cyclic_unbounded,5
Fluvius_EV,5,BISOL_FIKSNI@1T,BISOL_FIKSNI,1T,978.6174881178,663.0904812258,303.55284465,11.974162241999997,3923.0069999999996,prev1m_cyclic_unbounded,5
Fluvius_EV,5,BISOL_FIKSNI99@2T,BISOL_FIKSNI99,2T,907.3784355978001,591.8514287058001,303.55284465,11.974162241999997,3923.0069999999996,prev1m_cyclic_unbounded,5
Fluvius_EV,5,BISOL_FIKSNI99@1T,BISOL_FIKSNI99,1T,892.4682543978001,576.9412475058001,303.55284465,11.974162241999997,3923.0069999999996,prev1m_cyclic_unbounded,5
Fluvius_EV,5,BISOL_FIKSNI_VEZAVA@2T,BISOL_FIKSNI_VEZAVA,2T,929.8974139777998,614.3704070857998,303.55284465,11.974162241999997,3923.0069999999996,prev1m_cyclic_unbounded,5
Fluvius_EV,5,BISOL_FIKSNI_VEZAVA@1T,BISOL_FIKSNI_VEZAVA,1T,921.1846656378001,605.6576587458001,303.55284465,11.974162241999997,3923.0069999999996,prev1m_cyclic_unbounded,5
Fluvius_EV,5,ELEN_DINAMICNA,ELEN_DINAMICNA,-,970.5422025197,647.2562130144,311.3118272633,11.974162241999997,3923.0069999999996,prev1m_cyclic_unbounded,5
Fluvius_EV,5,ELEN_FIKSNI@2T,ELEN_FIKSNI,2T,985.44255037,676.5033592318,296.9650288962,11.974162241999997,3923.0069999999996,prev1m_cyclic_unbounded,5
Fluvius_EV,5,ELEN_FIKSNI@1T,ELEN_FIKSNI,1T,981.12320259,672.1840114518,296.9650288962,11.974162241999997,3923.0069999999996,prev1m_cyclic_unbounded,5
Fluvius_EV,5,ELEN_ZANESLJIVA@2T,ELEN_ZANESLJIVA,2T,961.5122076700001,652.5730165318,296.9650288962,11.974162241999997,3923.0069999999996,prev1m_cyclic_unbounded,5
Fluvius_EV,5,ELEN_ZANESLJIVA@1T,ELEN_ZANESLJIVA,1T,957.1928598900001,648.2536687518001,296.9650288962,11.974162241999997,3923.0069999999996,prev1m_cyclic_unbounded,5
Fluvius_EV,5,GENI_AKTIVNI,GENI_AKTIVNI,-,988.2254276150001,682.0677584918,294.1835068812,11.974162241999997,3923.0069999999996,prev1m_cyclic_unbounded,5
Fluvius_EV,5,GENI_DINAMICNI,GENI_DINAMICNI,-,967.7606813991001,647.2562130144,308.53030614270006,11.974162241999997,3923.0069999999996,prev1m_cyclic_unbounded,5
Fluvius_EV,5,GENI_FIKSNI@2T,GENI_FIKSNI,2T,958.730685655,652.5730165318,294.1835068812,11.974162241999997,3923.0069999999996,prev1m_cyclic_unbounded,5
Fluvius_EV,5,GENI_FIKSNI@1T,GENI_FIKSNI,1T,954.4113378750002,648.2536687518001,294.1835068812,11.974162241999997,3923.0069999999996,prev1m_cyclic_unbounded,5
Fluvius_EV,5,GENI_REDNI@2T,GENI_REDNI,2T,934.800342955,628.6426738318,294.1835068812,11.974162241999997,3923.0069999999996,prev1m_cyclic_unbounded,5
Fluvius_EV,5,GENI_REDNI@1T,GENI_REDNI,1T,930.480995175,624.3233260518,294.1835068812,11.974162241999997,3923.0069999999996,prev1m_cyclic_unbounded,5
Fluvius_EV,5,PETROL_AKCIJSKI@2T,PETROL_AKCIJSKI,2T,953.9262410192001,633.2753778188,308.67670095840003,11.974162241999997,3923.0069999999996,prev1m_cyclic_unbounded,5
Fluvius_EV,5,PETROL_AKCIJSKI@1T,PETROL_AKCIJSKI,1T,949.9995612192001,629.3486980188001,308.67670095840003,11.974162241999997,3923.0069999999996,prev1m_cyclic_unbounded,5
Fluvius_EV,5,PETROL_FIKS2026@2T,PETROL_FIKS2026,2T,968.6771146192,648.0262514187999,308.67670095840003,11.974162241999997,3923.0069999999996,prev1m_cyclic_unbounded,5
Fluvius_EV,5,PETROL_FIKS2026@1T,PETROL_FIKS2026,1T,964.3577668391998,643.7069036387998,308.67670095840003,11.974162241999997,3923.0069999999996,prev1m_cyclic_unbounded,5
Fluvius_EV,5,PETROL_REDNI@2T,PETROL_REDNI,2T,992.2147893392001,671.5639261388001,308.67670095840003,11.974162241999997,3923.0069999999996,prev1m_cyclic_unbounded,5
Fluvius_EV,5,PETROL_REDNI@1T,PETROL_REDNI,1T,988.2881095392006,667.6372463388005,308.67670095840003,11.974162241999997,3923.0069999999996,prev1m_cyclic_unbounded,5
Fluvius_HP,1,BISOL_DINAMICNI,BISOL_DINAMICNI,-,1826.8848326899,1600.4170606769999,211.2166340269,15.251137986,10335.366999999998,prev1m_cyclic_unbounded,5
Fluvius_HP,1,BISOL_DINAMICNI_PLUS,BISOL_DINAMICNI_PLUS,-,1850.7473648327,1600.4170606769999,235.07916616970002,15.251137986,10335.366999999998,prev1m_cyclic_unbounded,5
Fluvius_HP,1,BISOL_FIKSNI@2T,BISOL_FIKSNI,2T,1950.0852124303,1723.6174404174,211.2166340269,15.251137986,10335.366999999998,prev1m_cyclic_unbounded,5
Fluvius_HP,1,BISOL_FIKSNI@1T,BISOL_FIKSNI,1T,1963.4285354303001,1736.9607634174001,211.2166340269,15.251137986,10335.366999999998,prev1m_cyclic_unbounded,5
Fluvius_HP,1,BISOL_FIKSNI99@2T,BISOL_FIKSNI99,2T,1757.9792532103,1531.5114811974,211.2166340269,15.251137986,10335.366999999998,prev1m_cyclic_unbounded,5
Fluvius_HP,1,BISOL_FIKSNI99@1T,BISOL_FIKSNI99,1T,1736.4638761103,1509.9961040974,211.2166340269,15.251137986,10335.366999999998,prev1m_cyclic_unbounded,5
Fluvius_HP,1,BISOL_FIKSNI_VEZAVA@2T,BISOL_FIKSNI_VEZAVA,2T,1811.3845872903,1584.9168152774,211.2166340269,15.251137986,10335.366999999998,prev1m_cyclic_unbounded,5
Fluvius_HP,1,BISOL_FIKSNI_VEZAVA@1T,BISOL_FIKSNI_VEZAVA,1T,1812.1187625503,1585.6509905374,211.2166340269,15.251137986,10335.366999999998,prev1m_cyclic_unbounded,5
Fluvius_HP,1,ELEN_DINAMICNA,ELEN_DINAMICNA,-,1781.9607615515,1547.7340066374,218.9756169281,15.251137986,10335.366999999998,prev1m_cyclic_unbounded,5
Fluvius_HP,1,ELEN_FIKSNI@2T,ELEN_FIKSNI,2T,1966.1204453793,1746.2404888234,204.62881856989998,15.251137986,10335.366999999998,prev1m_cyclic_unbounded,5
Fluvius_HP,1,ELEN_FIKSNI@1T,ELEN_FIKSNI,1T,1980.7981006793,1760.9181441234,204.62881856989998,15.251137986,10335.366999999998,prev1m_cyclic_unbounded,5
Fluvius_HP,1,ELEN_ZANESLJIVA@2T,ELEN_ZANESLJIVA,2T,1903.0747066792999,1683.1947501234,204.62881856989998,15.251137986,10335.366999999998,prev1m_cyclic_unbounded,5
Fluvius_HP,1,ELEN_ZANESLJIVA@1T,ELEN_ZANESLJIVA,1T,1917.7523619793003,1697.8724054234003,204.62881856989998,15.251137986,10335.366999999998,prev1m_cyclic_unbounded,5
Fluvius_HP,1,GENI_AKTIVNI,GENI_AKTIVNI,-,1865.0342928354,1647.9358583034,201.847296546,15.251137986,10335.366999999998,prev1m_cyclic_unbounded,5
Fluvius_HP,1,GENI_DINAMICNI,GENI_DINAMICNI,-,1779.1792395373,1547.7340066374,216.19409491390002,15.251137986,10335.366999999998,prev1m_cyclic_unbounded,5
Fluvius_HP,1,GENI_FIKSNI@2T,GENI_FIKSNI,2T,1900.2931846554,1683.1947501234,201.847296546,15.251137986,10335.366999999998,prev1m_cyclic_unbounded,5
Fluvius_HP,1,GENI_FIKSNI@1T,GENI_FIKSNI,1T,1914.9708399554004,1697.8724054234003,201.847296546,15.251137986,10335.366999999998,prev1m_cyclic_unbounded,5
Fluvius_HP,1,GENI_REDNI@2T,GENI_REDNI,2T,1837.2474459554,1620.1490114234,201.847296546,15.251137986,10335.366999999998,prev1m_cyclic_unbounded,5
Fluvius_HP,1,GENI_REDNI@1T,GENI_REDNI,1T,1851.9251012554003,1634.8266667234002,201.847296546,15.251137986,10335.366999999998,prev1m_cyclic_unbounded,5
Fluvius_HP,1,PETROL_AKCIJSKI@2T,PETROL_AKCIJSKI,2T,1866.3145777565,1634.7229488504001,216.3404909201,15.251137986,10335.366999999998,prev1m_cyclic_unbounded,5
Fluvius_HP,1,PETROL_AKCIJSKI@1T,PETROL_AKCIJSKI,1T,1879.6579007564999,1648.0662718504,216.3404909201,15.251137986,10335.366999999998,prev1m_cyclic_unbounded,5
Fluvius_HP,1,PETROL_FIKS2026@2T,PETROL_FIKS2026,2T,1902.8076886765,1671.2160597704,216.3404909201,15.251137986,10335.366999999998,prev1m_cyclic_unbounded,5
Fluvius_HP,1,PETROL_FIKS2026@1T,PETROL_FIKS2026,1T,1917.4853439765,1685.8937150704,216.3404909201,15.251137986,10335.366999999998,prev1m_cyclic_unbounded,5
Fluvius_HP,1,PETROL_REDNI@2T,PETROL_REDNI,2T,1967.1877596764998,1735.5961307704,216.3404909201,15.251137986,10335.366999999998,prev1m_cyclic_unbounded,5
Fluvius_HP,1,PETROL_REDNI@1T,PETROL_REDNI,1T,1980.5310826765,1748.9394537704002,216.3404909201,15.251137986,10335.366999999998,prev1m_cyclic_unbounded,5
Fluvius_HP,2,BISOL_DINAMICNI,BISOL_DINAMICNI,-,1818.9091638956,1534.9109848941998,272.3374330234,11.660745978,9229.556,prev1m_cyclic_unbounded,5
Fluvius_HP,2,BISOL_DINAMICNI_PLUS,BISOL_DINAMICNI_PLUS,-,1842.7716954424,1534.9109848941998,296.19996457020005,11.660745978,9229.556,prev1m_cyclic_unbounded,5
Fluvius_HP,2,BISOL_FIKSNI@2T,BISOL_FIKSNI,2T,1846.6881998476001,1562.6900208462,272.3374330234,11.660745978,9229.556,prev1m_cyclic_unbounded,5
Fluvius_HP,2,BISOL_FIKSNI@1T,BISOL_FIKSNI,1T,1845.5726318476002,1561.5744528462,272.3374330234,11.660745978,9229.556,prev1m_cyclic_unbounded,5
Fluvius_HP,2,BISOL_FIKSNI99@2T,BISOL_FIKSNI99,2T,1671.8784038876001,1387.8802248862,272.3374330234,11.660745978,9229.556,prev1m_cyclic_unbounded,5
Fluvius_HP,2,BISOL_FIKSNI99@1T,BISOL_FIKSNI99,1T,1642.8915820876002,1358.8934030862001,272.3374330234,11.660745978,9229.556,prev1m_cyclic_unbounded,5
Fluvius_HP,2,BISOL_FIKSNI_VEZAVA@2T,BISOL_FIKSNI_VEZAVA,2T,1722.8275583276002,1438.8293793262,272.3374330234,11.660745978,9229.556,prev1m_cyclic_unbounded,5
Fluvius_HP,2,BISOL_FIKSNI_VEZAVA@1T,BISOL_FIKSNI_VEZAVA,1T,1710.4519320076001,1426.4537530062,272.3374330234,11.660745978,9229.556,prev1m_cyclic_unbounded,5
Fluvius_HP,2,ELEN_DINAMICNA,ELEN_DINAMICNA,-,1774.2970803878,1482.5399181972,280.0964162126,11.660745978,9229.556,prev1m_cyclic_unbounded,5
Fluvius_HP,2,ELEN_FIKSNI@2T,ELEN_FIKSNI,2T,1861.606052277,1584.1956884541999,265.7496178448,11.660745978,9229.556,prev1m_cyclic_unbounded,5
Fluvius_HP,2,ELEN_FIKSNI@1T,ELEN_FIKSNI,1T,1860.378927477,1582.9685636542,265.7496178448,11.660745978,9229.556,prev1m_cyclic_unbounded,5
Fluvius_HP,2,ELEN_ZANESLJIVA@2T,ELEN_ZANESLJIVA,2T,1805.305760677,1527.8953968542,265.7496178448,11.660745978,9229.556,prev1m_cyclic_unbounded,5
Fluvius_HP,2,ELEN_ZANESLJIVA@1T,ELEN_ZANESLJIVA,1T,1804.0786358770001,1526.6682720542,265.7496178448,11.660745978,9229.556,prev1m_cyclic_unbounded,5
Fluvius_HP,2,GENI_AKTIVNI,GENI_AKTIVNI,-,1770.7828947627,1496.1540529541999,262.9680958305,11.660745978,9229.556,prev1m_cyclic_unbounded,5
Fluvius_HP,2,GENI_DINAMICNI,GENI_DINAMICNI,-,1771.5155586704,1482.5399181972,277.3148944952,11.660745978,9229.556,prev1m_cyclic_unbounded,5
Fluvius_HP,2,GENI_FIKSNI@2T,GENI_FIKSNI,2T,1802.5242386627,1527.8953968542,262.9680958305,11.660745978,9229.556,prev1m_cyclic_unbounded,5
Fluvius_HP,2,GENI_FIKSNI@1T,GENI_FIKSNI,1T,1801.2971138627001,1526.6682720542,262.9680958305,11.660745978,9229.556,prev1m_cyclic_unbounded,5
Fluvius_HP,2,GENI_REDNI@2T,GENI_REDNI,2T,1746.2239470627,1471.5951052542,262.9680958305,11.660745978,9229.556,prev1m_cyclic_unbounded,5
Fluvius_HP,2,GENI_REDNI@1T,GENI_REDNI,1T,1744.9968222627,1470.3679804542,262.9680958305,11.660745978,9229.556,prev1m_cyclic_unbounded,5
Fluvius_HP,2,PETROL_AKCIJSKI@2T,PETROL_AKCIJSKI,2T,1772.4286452768001,1483.3066096902,277.4612896086,11.660745978,9229.556,prev1m_cyclic_unbounded,5
Fluvius_HP,2,PETROL_AKCIJSKI@1T,PETROL_AKCIJSKI,1T,1771.3130772768,1482.1910416901999,277.4612896086,11.660745978,9229.556,prev1m_cyclic_unbounded,5
Fluvius_HP,2,PETROL_FIKS2026@2T,PETROL_FIKS2026,2T,1806.3203770368,1517.1983414502,277.4612896086,11.660745978,9229.556,prev1m_cyclic_unbounded,5
Fluvius_HP,2,PETROL_FIKS2026@1T,PETROL_FIKS2026,1T,1805.0932522367996,1515.9712166501995,277.4612896086,11.660745978,9229.556,prev1m_cyclic_unbounded,5
Fluvius_HP,2,PETROL_REDNI@2T,PETROL_REDNI,2T,1862.5091118368002,1573.3870762502002,277.4612896086,11.660745978,9229.556,prev1m_cyclic_unbounded,5
Fluvius_HP,2,PETROL_REDNI@1T,PETROL_REDNI,1T,1861.3935438368003,1572.2715082502002,277.4612896086,11.660745978,9229.556,prev1m_cyclic_unbounded,5
Fluvius_HP,3,BISOL_DINAMICNI,BISOL_DINAMICNI,-,1131.3896705467,947.9781534626,175.7532064241,7.6583106600000015,6826.875,prev1m_cyclic_unbounded,5
Fluvius_HP,3,BISOL_DINAMICNI_PLUS,BISOL_DINAMICNI_PLUS,-,1155.2522021143,947.9781534626,199.61573799169997,7.6583106600000015,6826.875,prev1m_cyclic_unbounded,5
Fluvius_HP,3,BISOL_FIKSNI@2T,BISOL_FIKSNI,2T,1266.7225190781,1083.311001994,175.7532064241,7.6583106600000015,6826.875,prev1m_cyclic_unbounded,5
Fluvius_HP,3,BISOL_FIKSNI@1T,BISOL_FIKSNI,1T,1325.1023372781,1141.690820194,175.7532064241,7.6583106600000015,6826.875,prev1m_cyclic_unbounded,5
Fluvius_HP,3,BISOL_FIKSNI99@2T,BISOL_FIKSNI99,2T,1152.2212673781,968.809750294,175.7532064241,7.6583106600000015,6826.875,prev1m_cyclic_unbounded,5
Fluvius_HP,3,BISOL_FIKSNI99@1T,BISOL_FIKSNI99,1T,1175.1841622781,991.772645194,175.7532064241,7.6583106600000015,6826.875,prev1m_cyclic_unbounded,5
Fluvius_HP,3,BISOL_FIKSNI_VEZAVA@2T,BISOL_FIKSNI_VEZAVA,2T,1175.1058565781,991.6943394939999,175.7532064241,7.6583106600000015,6826.875,prev1m_cyclic_unbounded,5
Fluvius_HP,3,BISOL_FIKSNI_VEZAVA@1T,BISOL_FIKSNI_VEZAVA,1T,1225.1568872781,1041.7453701939999,175.7532064241,7.6583106600000015,6826.875,prev1m_cyclic_unbounded,5
Fluvius_HP,3,ELEN_DINAMICNA,ELEN_DINAMICNA,-,1123.6633626912,932.4928629937999,183.51218903740002,7.6583106600000015,6826.875,prev1m_cyclic_unbounded,5
Fluvius_HP,3,ELEN_FIKSNI@2T,ELEN_FIKSNI,2T,1270.1214180511,1093.2977164239999,169.16539096709997,7.6583106600000015,6826.875,prev1m_cyclic_unbounded,5
Fluvius_HP,3,ELEN_FIKSNI@1T,ELEN_FIKSNI,1T,1334.3392180711,1157.515516444,169.16539096709997,7.6583106600000015,6826.875,prev1m_cyclic_unbounded,5
Fluvius_HP,3,ELEN_ZANESLJIVA@2T,ELEN_ZANESLJIVA,2T,1228.4774805511001,1051.653778924,169.16539096709997,7.6583106600000015,6826.875,prev1m_cyclic_unbounded,5
Fluvius_HP,3,ELEN_ZANESLJIVA@1T,ELEN_ZANESLJIVA,1T,1292.6952805711003,1115.8715789440002,169.16539096709997,7.6583106600000015,6826.875,prev1m_cyclic_unbounded,5
Fluvius_HP,3,GENI_AKTIVNI,GENI_AKTIVNI,-,1307.1523161544,1133.110136244,166.38386925039998,7.6583106600000015,6826.875,prev1m_cyclic_unbounded,5
Fluvius_HP,3,GENI_DINAMICNI,GENI_DINAMICNI,-,1120.8818406865,932.4928629937999,180.7306670327,7.6583106600000015,6826.875,prev1m_cyclic_unbounded,5
Fluvius_HP,3,GENI_FIKSNI@2T,GENI_FIKSNI,2T,1225.6959588344002,1051.653778924,166.38386925039998,7.6583106600000015,6826.875,prev1m_cyclic_unbounded,5
Fluvius_HP,3,GENI_FIKSNI@1T,GENI_FIKSNI,1T,1289.9137588544004,1115.8715789440002,166.38386925039998,7.6583106600000015,6826.875,prev1m_cyclic_unbounded,5
Fluvius_HP,3,GENI_REDNI@2T,GENI_REDNI,2T,1184.0520213344,1010.0098414239999,166.38386925039998,7.6583106600000015,6826.875,prev1m_cyclic_unbounded,5
Fluvius_HP,3,GENI_REDNI@1T,GENI_REDNI,1T,1248.2698213544002,1074.227641444,166.38386925039998,7.6583106600000015,6826.875,prev1m_cyclic_unbounded,5
Fluvius_HP,3,PETROL_AKCIJSKI@2T,PETROL_AKCIJSKI,2T,1213.1284235115002,1024.593050119,180.8770627325,7.6583106600000015,6826.875,prev1m_cyclic_unbounded,5
Fluvius_HP,3,PETROL_AKCIJSKI@1T,PETROL_AKCIJSKI,1T,1271.5082417115002,1082.972868319,180.8770627325,7.6583106600000015,6826.875,prev1m_cyclic_unbounded,5
Fluvius_HP,3,PETROL_FIKS2026@2T,PETROL_FIKS2026,2T,1232.2768041915,1043.741430799,180.8770627325,7.6583106600000015,6826.875,prev1m_cyclic_unbounded,5
Fluvius_HP,3,PETROL_FIKS2026@1T,PETROL_FIKS2026,1T,1296.4946042115,1107.959230819,180.8770627325,7.6583106600000015,6826.875,prev1m_cyclic_unbounded,5
Fluvius_HP,3,PETROL_REDNI@2T,PETROL_REDNI,2T,1279.7587235115004,1091.2233501190003,180.8770627325,7.6583106600000015,6826.875,prev1m_cyclic_unbounded,5
Fluvius_HP,3,PETROL_REDNI@1T,PETROL_REDNI,1T,1338.1385417115002,1149.6031683190001,180.8770627325,7.6583106600000015,6826.875,prev1m_cyclic_unbounded,5
Fluvius_HP,4,BISOL_DINAMICNI,BISOL_DINAMICNI,-,1660.8818821085,1470.2773552186,183.49271434989998,7.111812540000002,9197.683,prev1m_cyclic_unbounded,5
Fluvius_HP,4,BISOL_DINAMICNI_PLUS,BISOL_DINAMICNI_PLUS,-,1684.7444133777,1470.2773552186,207.3552456191,7.111812540000002,9197.683,prev1m_cyclic_unbounded,5
Fluvius_HP,4,BISOL_FIKSNI@2T,BISOL_FIKSNI,2T,1718.5944742443,1527.9899473544,183.49271434989998,7.111812540000002,9197.683,prev1m_cyclic_unbounded,5
Fluvius_HP,4,BISOL_FIKSNI@1T,BISOL_FIKSNI,1T,1738.4933452443,1547.8888183544,183.49271434989998,7.111812540000002,9197.683,prev1m_cyclic_unbounded,5
Fluvius_HP,4,BISOL_FIKSNI99@2T,BISOL_FIKSNI99,2T,1549.6410064642998,1359.0364795744,183.49271434989998,7.111812540000002,9197.683,prev1m_cyclic_unbounded,5
Fluvius_HP,4,BISOL_FIKSNI99@1T,BISOL_FIKSNI99,1T,1536.5122265643001,1345.9076996744002,183.49271434989998,7.111812540000002,9197.683,prev1m_cyclic_unbounded,5
Fluvius_HP,4,BISOL_FIKSNI_VEZAVA@2T,BISOL_FIKSNI_VEZAVA,2T,1595.1615683843,1404.5570414944,183.49271434989998,7.111812540000002,9197.683,prev1m_cyclic_unbounded,5
Fluvius_HP,4,BISOL_FIKSNI_VEZAVA@1T,BISOL_FIKSNI_VEZAVA,1T,1603.8392661243,1413.2347392344,183.49271434989998,7.111812540000002,9197.683,prev1m_cyclic_unbounded,5
Fluvius_HP,4,ELEN_DINAMICNA,ELEN_DINAMICNA,-,1620.9568129274,1422.5933037122,191.25169667519998,7.111812540000002,9197.683,prev1m_cyclic_unbounded,5
Fluvius_HP,4,ELEN_FIKSNI@2T,ELEN_FIKSNI,2T,1731.3370002853,1547.3202894484,176.90489829690003,7.111812540000002,9197.683,prev1m_cyclic_unbounded,5
Fluvius_HP,4,ELEN_FIKSNI@1T,ELEN_FIKSNI,1T,1753.2257583853002,1569.2090475484001,176.90489829690003,7.111812540000002,9197.683,prev1m_cyclic_unbounded,5
Fluvius_HP,4,ELEN_ZANESLJIVA@2T,ELEN_ZANESLJIVA,2T,1675.2311339853,1491.2144231483999,176.90489829690003,7.111812540000002,9197.683,prev1m_cyclic_unbounded,5
Fluvius_HP,4,ELEN_ZANESLJIVA@1T,ELEN_ZANESLJIVA,1T,1697.1198920853,1513.1031812484,176.90489829690003,7.111812540000002,9197.683,prev1m_cyclic_unbounded,5
Fluvius_HP,4,GENI_AKTIVNI,GENI_AKTIVNI,-,1682.4467827189999,1501.2115935883999,174.12337659059995,7.111812540000002,9197.683,prev1m_cyclic_unbounded,5
Fluvius_HP,4,GENI_DINAMICNI,GENI_DINAMICNI,-,1618.1752906251,1422.5933037122,188.4701743729,7.111812540000002,9197.683,prev1m_cyclic_unbounded,5
Fluvius_HP,4,GENI_FIKSNI@2T,GENI_FIKSNI,2T,1672.449612279,1491.2144231483999,174.12337659059995,7.111812540000002,9197.683,prev1m_cyclic_unbounded,5
Fluvius_HP,4,GENI_FIKSNI@1T,GENI_FIKSNI,1T,1694.338370379,1513.1031812484,174.12337659059995,7.111812540000002,9197.683,prev1m_cyclic_unbounded,5
Fluvius_HP,4,GENI_REDNI@2T,GENI_REDNI,2T,1616.343745979,1435.1085568484,174.12337659059995,7.111812540000002,9197.683,prev1m_cyclic_unbounded,5
Fluvius_HP,4,GENI_REDNI@1T,GENI_REDNI,1T,1638.232504079,1456.9973149484,174.12337659059995,7.111812540000002,9197.683,prev1m_cyclic_unbounded,5
Fluvius_HP,4,PETROL_AKCIJSKI@2T,PETROL_AKCIJSKI,2T,1644.6090587801,1448.8806758714,188.6165703687,7.111812540000002,9197.683,prev1m_cyclic_unbounded,5
Fluvius_HP,4,PETROL_AKCIJSKI@1T,PETROL_AKCIJSKI,1T,1664.5079297801,1468.7795468714,188.6165703687,7.111812540000002,9197.683,prev1m_cyclic_unbounded,5
Fluvius_HP,4,PETROL_FIKS2026@2T,PETROL_FIKS2026,2T,1676.2826914601,1480.5543085514,188.6165703687,7.111812540000002,9197.683,prev1m_cyclic_unbounded,5
Fluvius_HP,4,PETROL_FIKS2026@1T,PETROL_FIKS2026,1T,1698.1714495601,1502.4430666514,188.6165703687,7.111812540000002,9197.683,prev1m_cyclic_unbounded,5
Fluvius_HP,4,PETROL_REDNI@2T,PETROL_REDNI,2T,1734.3784448601,1538.6500619514,188.6165703687,7.111812540000002,9197.683,prev1m_cyclic_unbounded,5
Fluvius_HP,4,PETROL_REDNI@1T,PETROL_REDNI,1T,1754.2773158601003,1558.5489329514003,188.6165703687,7.111812540000002,9197.683,prev1m_cyclic_unbounded,5
Fluvius_HP,5,BISOL_DINAMICNI,BISOL_DINAMICNI,-,1962.6629215419855,1557.7925301144853,404.1535721775,0.71681925,9968.576286,prev1m_cyclic_unbounded,5
Fluvius_HP,5,BISOL_DINAMICNI_PLUS,BISOL_DINAMICNI_PLUS,-,1986.5254521968855,1557.7925301144853,428.01610283240007,0.71681925,9968.576286,prev1m_cyclic_unbounded,5
Fluvius_HP,5,BISOL_FIKSNI@2T,BISOL_FIKSNI,2T,2062.874326488696,1658.0039350611964,404.1535721775,0.71681925,9968.576286,prev1m_cyclic_unbounded,5
Fluvius_HP,5,BISOL_FIKSNI@1T,BISOL_FIKSNI,1T,2087.049966975896,1682.1795755483963,404.1535721775,0.71681925,9968.576286,prev1m_cyclic_unbounded,5
Fluvius_HP,5,BISOL_FIKSNI99@2T,BISOL_FIKSNI99,2T,1880.4124590422364,1475.5420676147362,404.1535721775,0.71681925,9968.576286,prev1m_cyclic_unbounded,5
Fluvius_HP,5,BISOL_FIKSNI99@1T,BISOL_FIKSNI99,1T,1868.1400317353366,1463.2696403078364,404.1535721775,0.71681925,9968.576286,prev1m_cyclic_unbounded,5
Fluvius_HP,5,BISOL_FIKSNI_VEZAVA@2T,BISOL_FIKSNI_VEZAVA,2T,1929.0960327305763,1524.2256413030764,404.1535721775,0.71681925,9968.576286,prev1m_cyclic_unbounded,5
Fluvius_HP,5,BISOL_FIKSNI_VEZAVA@1T,BISOL_FIKSNI_VEZAVA,1T,1941.1100101488566,1536.2396187213565,404.1535721775,0.71681925,9968.576286,prev1m_cyclic_unbounded,5
Fluvius_HP,5,ELEN_DINAMICNA,ELEN_DINAMICNA,-,1919.052800789476,1506.423427324676,411.9125542147999,0.71681925,9968.576286,prev1m_cyclic_unbounded,5
Fluvius_HP,5,ELEN_FIKSNI@2T,ELEN_FIKSNI,2T,2076.9761065163243,1678.6935308434245,397.56575642290005,0.71681925,9968.576286,prev1m_cyclic_unbounded,5
Fluvius_HP,5,ELEN_FIKSNI@1T,ELEN_FIKSNI,1T,2103.5693110522443,1705.2867353793442,397.56575642290005,0.71681925,9968.576286,prev1m_cyclic_unbounded,5
Fluvius_HP,5,ELEN_ZANESLJIVA@2T,ELEN_ZANESLJIVA,2T,2016.1677911717245,1617.8852154988244,397.56575642290005,0.71681925,9968.576286,prev1m_cyclic_unbounded,5
Fluvius_HP,5,ELEN_ZANESLJIVA@1T,ELEN_ZANESLJIVA,1T,2042.7609957076445,1644.4784200347444,397.56575642290005,0.71681925,9968.576286,prev1m_cyclic_unbounded,5
Fluvius_HP,5,GENI_AKTIVNI,GENI_AKTIVNI,-,1980.3506409994445,1584.8495879167444,394.7842338327,0.71681925,9968.576286,prev1m_cyclic_unbounded,5
Fluvius_HP,5,GENI_DINAMICNI,GENI_DINAMICNI,-,1916.271278775276,1506.423427324676,409.13103220060003,0.71681925,9968.576286,prev1m_cyclic_unbounded,5
Fluvius_HP,5,GENI_FIKSNI@2T,GENI_FIKSNI,2T,2013.3862685815245,1617.8852154988244,394.7842338327,0.71681925,9968.576286,prev1m_cyclic_unbounded,5
Fluvius_HP,5,GENI_FIKSNI@1T,GENI_FIKSNI,1T,2039.9794731174445,1644.4784200347444,394.7842338327,0.71681925,9968.576286,prev1m_cyclic_unbounded,5
Fluvius_HP,5,GENI_REDNI@2T,GENI_REDNI,2T,1952.5779532369245,1557.0769001542244,394.7842338327,0.71681925,9968.576286,prev1m_cyclic_unbounded,5
Fluvius_HP,5,GENI_REDNI@1T,GENI_REDNI,1T,1979.1711577728445,1583.6701046901444,394.7842338327,0.71681925,9968.576286,prev1m_cyclic_unbounded,5
Fluvius_HP,5,PETROL_AKCIJSKI@2T,PETROL_AKCIJSKI,2T,1982.2584575845106,1572.2642104253105,409.27742790920007,0.71681925,9968.576286,prev1m_cyclic_unbounded,5
Fluvius_HP,5,PETROL_AKCIJSKI@1T,PETROL_AKCIJSKI,1T,2006.4340980717104,1596.4398509125103,409.27742790920007,0.71681925,9968.576286,prev1m_cyclic_unbounded,5
Fluvius_HP,5,PETROL_FIKS2026@2T,PETROL_FIKS2026,2T,2016.3258827425507,1606.3316355833506,409.27742790920007,0.71681925,9968.576286,prev1m_cyclic_unbounded,5
Fluvius_HP,5,PETROL_FIKS2026@1T,PETROL_FIKS2026,1T,2042.9190872784707,1632.9248401192706,409.27742790920007,0.71681925,9968.576286,prev1m_cyclic_unbounded,5
Fluvius_HP,5,PETROL_REDNI@2T,PETROL_REDNI,2T,2079.5517621358704,1669.5575149766705,409.27742790920007,0.71681925,9968.576286,prev1m_cyclic_unbounded,5
Fluvius_HP,5,PETROL_REDNI@1T,PETROL_REDNI,1T,2103.7274026230702,1693.7331554638704,409.27742790920007,0.71681925,9968.576286,prev1m_cyclic_unbounded,5
Fluvius_HP_EV,1,BISOL_DINAMICNI,BISOL_DINAMICNI,-,1884.3986962678,1468.274792343,398.3984097748,17.72549415,10144.541,prev1m_cyclic_unbounded,5
Fluvius_HP_EV,1,BISOL_DINAMICNI_PLUS,BISOL_DINAMICNI_PLUS,-,1908.2612272387,1468.274792343,422.2609407457,17.72549415,10144.541,prev1m_cyclic_unbounded,5
Fluvius_HP_EV,1,BISOL_FIKSNI@2T,BISOL_FIKSNI,2T,2070.2356632716,1654.1117593468,398.3984097748,17.72549415,10144.541,prev1m_cyclic_unbounded,5
Fluvius_HP_EV,1,BISOL_FIKSNI@1T,BISOL_FIKSNI,1T,2119.6309378715996,1703.5070339467998,398.3984097748,17.72549415,10144.541,prev1m_cyclic_unbounded,5
Fluvius_HP_EV,1,BISOL_FIKSNI99@2T,BISOL_FIKSNI99,2T,1890.7512116116002,1474.6273076868001,398.3984097748,17.72549415,10144.541,prev1m_cyclic_unbounded,5
Fluvius_HP_EV,1,BISOL_FIKSNI99@1T,BISOL_FIKSNI99,1T,1896.8568175116002,1480.7329135868001,398.3984097748,17.72549415,10144.541,prev1m_cyclic_unbounded,5
Fluvius_HP_EV,1,BISOL_FIKSNI_VEZAVA@2T,BISOL_FIKSNI_VEZAVA,2T,1934.0959230515998,1517.9720191267998,398.3984097748,17.72549415,10144.541,prev1m_cyclic_unbounded,5
Fluvius_HP_EV,1,BISOL_FIKSNI_VEZAVA@1T,BISOL_FIKSNI_VEZAVA,1T,1971.1148576316002,1554.9909537068002,398.3984097748,17.72549415,10144.541,prev1m_cyclic_unbounded,5
Fluvius_HP_EV,1,ELEN_DINAMICNA,ELEN_DINAMICNA,-,1865.4405987171,1441.557712467,406.1573921001,17.72549415,10144.541,prev1m_cyclic_unbounded,5
Fluvius_HP_EV,1,ELEN_FIKSNI@2T,ELEN_FIKSNI,2T,2082.2233663926004,1672.6872779248001,391.8105943178,17.72549415,10144.541,prev1m_cyclic_unbounded,5
Fluvius_HP_EV,1,ELEN_FIKSNI@1T,ELEN_FIKSNI,1T,2136.5581684526,1727.0220799848003,391.8105943178,17.72549415,10144.541,prev1m_cyclic_unbounded,5
Fluvius_HP_EV,1,ELEN_ZANESLJIVA@2T,ELEN_ZANESLJIVA,2T,2020.3416662926,1610.8055778248,391.8105943178,17.72549415,10144.541,prev1m_cyclic_unbounded,5
Fluvius_HP_EV,1,ELEN_ZANESLJIVA@1T,ELEN_ZANESLJIVA,1T,2074.6764683526003,1665.1403798848,391.8105943178,17.72549415,10144.541,prev1m_cyclic_unbounded,5
Fluvius_HP_EV,1,GENI_AKTIVNI,GENI_AKTIVNI,-,2048.8266269928,1642.0720611247998,389.02907171799995,17.72549415,10144.541,prev1m_cyclic_unbounded,5
Fluvius_HP_EV,1,GENI_DINAMICNI,GENI_DINAMICNI,-,1862.6590764053,1441.557712467,403.37586978829995,17.72549415,10144.541,prev1m_cyclic_unbounded,5
Fluvius_HP_EV,1,GENI_FIKSNI@2T,GENI_FIKSNI,2T,2017.5601436928,1610.8055778248,389.02907171799995,17.72549415,10144.541,prev1m_cyclic_unbounded,5
Fluvius_HP_EV,1,GENI_FIKSNI@1T,GENI_FIKSNI,1T,2071.8949457528,1665.1403798848,389.02907171799995,17.72549415,10144.541,prev1m_cyclic_unbounded,5
Fluvius_HP_EV,1,GENI_REDNI@2T,GENI_REDNI,2T,1955.6784435928002,1548.9238777248001,389.02907171799995,17.72549415,10144.541,prev1m_cyclic_unbounded,5
Fluvius_HP_EV,1,GENI_REDNI@1T,GENI_REDNI,1T,2010.0132456528,1603.2586797848,389.02907171799995,17.72549415,10144.541,prev1m_cyclic_unbounded,5
Fluvius_HP_EV,1,PETROL_AKCIJSKI@2T,PETROL_AKCIJSKI,2T,1988.1063224478999,1566.8585622058,403.52226609210004,17.72549415,10144.541,prev1m_cyclic_unbounded,5
Fluvius_HP_EV,1,PETROL_AKCIJSKI@1T,PETROL_AKCIJSKI,1T,2037.5015970478998,1616.2538368058,403.52226609210004,17.72549415,10144.541,prev1m_cyclic_unbounded,5
Fluvius_HP_EV,1,PETROL_FIKS2026@2T,PETROL_FIKS2026,2T,2020.2958150479003,1599.0480548058001,403.52226609210004,17.72549415,10144.541,prev1m_cyclic_unbounded,5
Fluvius_HP_EV,1,PETROL_FIKS2026@1T,PETROL_FIKS2026,1T,2074.6306171078995,1653.3828568657993,403.52226609210004,17.72549415,10144.541,prev1m_cyclic_unbounded,5
Fluvius_HP_EV,1,PETROL_REDNI@2T,PETROL_REDNI,2T,2087.1170426079,1665.8692823658,403.52226609210004,17.72549415,10144.541,prev1m_cyclic_unbounded,5
Fluvius_HP_EV,1,PETROL_REDNI@1T,PETROL_REDNI,1T,2136.5123172079,1715.2645569658,403.52226609210004,17.72549415,10144.541,prev1m_cyclic_unbounded,5
Fluvius_HP_EV,2,BISOL_DINAMICNI,BISOL_DINAMICNI,-,3315.4859499248983,2616.118279304198,680.0414959907,19.32617463,16412.595272,prev1m_cyclic_unbounded,5
Fluvius_HP_EV,2,BISOL_DINAMICNI_PLUS,BISOL_DINAMICNI_PLUS,-,3339.348481770998,2616.118279304198,703.9040278368,19.32617463,16412.595272,prev1m_cyclic_unbounded,5
Fluvius_HP_EV,2,BISOL_FIKSNI@2T,BISOL_FIKSNI,2T,3470.9020450984085,2771.5343744777083,680.0414959907,19.32617463,16412.595272,prev1m_cyclic_unbounded,5
Fluvius_HP_EV,2,BISOL_FIKSNI@1T,BISOL_FIKSNI,1T,3471.142261805208,2771.7745911845077,680.0414959907,19.32617463,16412.595272,prev1m_cyclic_unbounded,5
Fluvius_HP_EV,2,BISOL_FIKSNI99@2T,BISOL_FIKSNI99,2T,3160.599922681588,2461.2322520608877,680.0414959907,19.32617463,16412.595272,prev1m_cyclic_unbounded,5
Fluvius_HP_EV,2,BISOL_FIKSNI99@1T,BISOL_FIKSNI99,1T,3110.721669632088,2411.353999011388,680.0414959907,19.32617463,16412.595272,prev1m_cyclic_unbounded,5
Fluvius_HP_EV,2,BISOL_FIKSNI_VEZAVA@2T,BISOL_FIKSNI_VEZAVA,2T,3250.645016548168,2551.2773459274676,680.0414959907,19.32617463,16412.595272,prev1m_cyclic_unbounded,5
Fluvius_HP_EV,2,BISOL_FIKSNI_VEZAVA@1T,BISOL_FIKSNI_VEZAVA,1T,3230.8618670231276,2531.494196402428,680.0414959907,19.32617463,16412.595272,prev1m_cyclic_unbounded,5
Fluvius_HP_EV,2,ELEN_DINAMICNA,ELEN_DINAMICNA,-,3252.9578986332403,2545.8312462632402,687.8004777400001,19.32617463,16412.595272,prev1m_cyclic_unbounded,5
Fluvius_HP_EV,2,ELEN_FIKSNI@2T,ELEN_FIKSNI,2T,3502.334603811224,2809.554748647524,673.4536805337001,19.32617463,16412.595272,prev1m_cyclic_unbounded,5
Fluvius_HP_EV,2,ELEN_FIKSNI@1T,ELEN_FIKSNI,1T,3502.5988421887046,2809.8189870250044,673.4536805337001,19.32617463,16412.595272,prev1m_cyclic_unbounded,5
Fluvius_HP_EV,2,ELEN_ZANESLJIVA@2T,ELEN_ZANESLJIVA,2T,3402.2177726520245,2709.4379174883243,673.4536805337001,19.32617463,16412.595272,prev1m_cyclic_unbounded,5
Fluvius_HP_EV,2,ELEN_ZANESLJIVA@1T,ELEN_ZANESLJIVA,1T,3402.4820110295045,2709.7021558658043,673.4536805337001,19.32617463,16412.595272,prev1m_cyclic_unbounded,5
Fluvius_HP_EV,2,GENI_AKTIVNI,GENI_AKTIVNI,-,3239.927780509544,2549.9294485216437,670.6721573579,19.32617463,16412.595272,prev1m_cyclic_unbounded,5
Fluvius_HP_EV,2,GENI_DINAMICNI,GENI_DINAMICNI,-,3250.1763763214403,2545.8312462632402,685.0189554282,19.32617463,16412.595272,prev1m_cyclic_unbounded,5
Fluvius_HP_EV,2,GENI_FIKSNI@2T,GENI_FIKSNI,2T,3399.436249476224,2709.4379174883243,670.6721573579,19.32617463,16412.595272,prev1m_cyclic_unbounded,5
Fluvius_HP_EV,2,GENI_FIKSNI@1T,GENI_FIKSNI,1T,3399.700487853704,2709.7021558658043,670.6721573579,19.32617463,16412.595272,prev1m_cyclic_unbounded,5
Fluvius_HP_EV,2,GENI_REDNI@2T,GENI_REDNI,2T,3299.319418317024,2609.3210863291242,670.6721573579,19.32617463,16412.595272,prev1m_cyclic_unbounded,5
Fluvius_HP_EV,2,GENI_REDNI@1T,GENI_REDNI,1T,3299.583656694504,2609.5853247066043,670.6721573579,19.32617463,16412.595272,prev1m_cyclic_unbounded,5
Fluvius_HP_EV,2,PETROL_AKCIJSKI@2T,PETROL_AKCIJSKI,2T,3334.861168905936,2630.3696425432363,685.1653517327,19.32617463,16412.595272,prev1m_cyclic_unbounded,5
Fluvius_HP_EV,2,PETROL_AKCIJSKI@1T,PETROL_AKCIJSKI,1T,3335.101385612736,2630.609859250036,685.1653517327,19.32617463,16412.595272,prev1m_cyclic_unbounded,5
Fluvius_HP_EV,2,PETROL_FIKS2026@2T,PETROL_FIKS2026,2T,3394.9072459307763,2690.4157195680764,685.1653517327,19.32617463,16412.595272,prev1m_cyclic_unbounded,5
Fluvius_HP_EV,2,PETROL_FIKS2026@1T,PETROL_FIKS2026,1T,3395.1714843082545,2690.6799579455546,685.1653517327,19.32617463,16412.595272,prev1m_cyclic_unbounded,5
Fluvius_HP_EV,2,PETROL_REDNI@2T,PETROL_REDNI,2T,3495.048098760656,2790.556572397956,685.1653517327,19.32617463,16412.595272,prev1m_cyclic_unbounded,5
Fluvius_HP_EV,2,PETROL_REDNI@1T,PETROL_REDNI,1T,3495.2883154674564,2790.7967891047565,685.1653517327,19.32617463,16412.595272,prev1m_cyclic_unbounded,5
Fluvius_HP_EV,3,BISOL_DINAMICNI,BISOL_DINAMICNI,-,2084.3705562438,1490.2573990894,567.3465592124,26.766597942,9537.220000000001,prev1m_cyclic_unbounded,5
Fluvius_HP_EV,3,BISOL_DINAMICNI_PLUS,BISOL_DINAMICNI_PLUS,-,2108.2330883867,1490.2573990894,591.2090913553,26.766597942,9537.220000000001,prev1m_cyclic_unbounded,5
Fluvius_HP_EV,3,BISOL_FIKSNI@2T,BISOL_FIKSNI,2T,2188.8563088826,1594.7431517282,567.3465592124,26.766597942,9537.220000000001,prev1m_cyclic_unbounded,5
Fluvius_HP_EV,3,BISOL_FIKSNI@1T,BISOL_FIKSNI,1T,2202.7378836826,1608.6247265282,567.3465592124,26.766597942,9537.220000000001,prev1m_cyclic_unbounded,5
Fluvius_HP_EV,3,BISOL_FIKSNI99@2T,BISOL_FIKSNI99,2T,2011.9778723826003,1417.8647152282,567.3465592124,26.766597942,9537.220000000001,prev1m_cyclic_unbounded,5
Fluvius_HP_EV,3,BISOL_FIKSNI99@1T,BISOL_FIKSNI99,1T,1993.3005324826004,1399.1873753282002,567.3465592124,26.766597942,9537.220000000001,prev1m_cyclic_unbounded,5
Fluvius_HP_EV,3,BISOL_FIKSNI_VEZAVA@2T,BISOL_FIKSNI_VEZAVA,2T,2060.8668164826,1466.7536593282,567.3465592124,26.766597942,9537.220000000001,prev1m_cyclic_unbounded,5
Fluvius_HP_EV,3,BISOL_FIKSNI_VEZAVA@1T,BISOL_FIKSNI_VEZAVA,1T,2063.1129828826,1468.9998257282,567.3465592124,26.766597942,9537.220000000001,prev1m_cyclic_unbounded,5
Fluvius_HP_EV,3,ELEN_DINAMICNA,ELEN_DINAMICNA,-,2039.2774241375002,1437.4052837938002,575.1055424017,26.766597942,9537.220000000001,prev1m_cyclic_unbounded,5
Fluvius_HP_EV,3,ELEN_FIKSNI@2T,ELEN_FIKSNI,2T,2202.9876121839998,1615.4622702082,560.7587440337999,26.766597942,9537.220000000001,prev1m_cyclic_unbounded,5
Fluvius_HP_EV,3,ELEN_FIKSNI@1T,ELEN_FIKSNI,1T,2218.2573444639997,1630.7320024882,560.7587440337999,26.766597942,9537.220000000001,prev1m_cyclic_unbounded,5
Fluvius_HP_EV,3,ELEN_ZANESLJIVA@2T,ELEN_ZANESLJIVA,2T,2144.8105701839995,1557.2852282082,560.7587440337999,26.766597942,9537.220000000001,prev1m_cyclic_unbounded,5
Fluvius_HP_EV,3,ELEN_ZANESLJIVA@1T,ELEN_ZANESLJIVA,1T,2160.0803024639995,1572.5549604881999,560.7587440337999,26.766597942,9537.220000000001,prev1m_cyclic_unbounded,5
Fluvius_HP_EV,3,GENI_AKTIVNI,GENI_AKTIVNI,-,2087.5232557898,1502.7794358282,557.9772220196002,26.766597942,9537.220000000001,prev1m_cyclic_unbounded,5
Fluvius_HP_EV,3,GENI_DINAMICNI,GENI_DINAMICNI,-,2036.4959018257002,1437.4052837938002,572.3240200899,26.766597942,9537.220000000001,prev1m_cyclic_unbounded,5
Fluvius_HP_EV,3,GENI_FIKSNI@2T,GENI_FIKSNI,2T,2142.0290481698,1557.2852282082,557.9772220196002,26.766597942,9537.220000000001,prev1m_cyclic_unbounded,5
Fluvius_HP_EV,3,GENI_FIKSNI@1T,GENI_FIKSNI,1T,2157.2987804498,1572.5549604881999,557.9772220196002,26.766597942,9537.220000000001,prev1m_cyclic_unbounded,5
Fluvius_HP_EV,3,GENI_REDNI@2T,GENI_REDNI,2T,2083.8520061698,1499.1081862082,557.9772220196002,26.766597942,9537.220000000001,prev1m_cyclic_unbounded,5
Fluvius_HP_EV,3,GENI_REDNI@1T,GENI_REDNI,1T,2099.1217384498,1514.3779184882,557.9772220196002,26.766597942,9537.220000000001,prev1m_cyclic_unbounded,5
Fluvius_HP_EV,3,PETROL_AKCIJSKI@2T,PETROL_AKCIJSKI,2T,2111.9505368437995,1512.7135225082,572.4704163935999,26.766597942,9537.220000000001,prev1m_cyclic_unbounded,5
Fluvius_HP_EV,3,PETROL_AKCIJSKI@1T,PETROL_AKCIJSKI,1T,2125.8321116437996,1526.5950973082,572.4704163935999,26.766597942,9537.220000000001,prev1m_cyclic_unbounded,5
Fluvius_HP_EV,3,PETROL_FIKS2026@2T,PETROL_FIKS2026,2T,2145.4686045638,1546.2315902282003,572.4704163935999,26.766597942,9537.220000000001,prev1m_cyclic_unbounded,5
Fluvius_HP_EV,3,PETROL_FIKS2026@1T,PETROL_FIKS2026,1T,2160.7383368437995,1561.5013225081998,572.4704163935999,26.766597942,9537.220000000001,prev1m_cyclic_unbounded,5
Fluvius_HP_EV,3,PETROL_REDNI@2T,PETROL_REDNI,2T,2205.0338040438,1605.7967897082,572.4704163935999,26.766597942,9537.220000000001,prev1m_cyclic_unbounded,5
Fluvius_HP_EV,3,PETROL_REDNI@1T,PETROL_REDNI,1T,2218.9153788437998,1619.6783645082,572.4704163935999,26.766597942,9537.220000000001,prev1m_cyclic_unbounded,5
Fluvius_HP_EV,4,BISOL_DINAMICNI,BISOL_DINAMICNI,-,1184.5426055407002,844.9836010898,327.45355634090004,12.105448110000001,5760.981,prev1m_cyclic_unbounded,5
Fluvius_HP_EV,4,BISOL_DINAMICNI_PLUS,BISOL_DINAMICNI_PLUS,-,1208.4051362156001,844.9836010898,351.3160870158,12.105448110000001,5760.981,prev1m_cyclic_unbounded,5
Fluvius_HP_EV,4,BISOL_FIKSNI@2T,BISOL_FIKSNI,2T,1313.6912663251,974.1322618742,327.45355634090004,12.105448110000001,5760.981,prev1m_cyclic_unbounded,5
Fluvius_HP_EV,4,BISOL_FIKSNI@1T,BISOL_FIKSNI,1T,1313.7031857250997,974.1441812741997,327.45355634090004,12.105448110000001,5760.981,prev1m_cyclic_unbounded,5
Fluvius_HP_EV,4,BISOL_FIKSNI99@2T,BISOL_FIKSNI99,2T,1204.7540954651,865.1950910141998,327.45355634090004,12.105448110000001,5760.981,prev1m_cyclic_unbounded,5
Fluvius_HP_EV,4,BISOL_FIKSNI99@1T,BISOL_FIKSNI99,1T,1187.1920429650997,847.6330385141997,327.45355634090004,12.105448110000001,5760.981,prev1m_cyclic_unbounded,5
Fluvius_HP_EV,4,BISOL_FIKSNI_VEZAVA@2T,BISOL_FIKSNI_VEZAVA,2T,1236.3789013050996,896.8198968541994,327.45355634090004,12.105448110000001,5760.981,prev1m_cyclic_unbounded,5
Fluvius_HP_EV,4,BISOL_FIKSNI_VEZAVA@1T,BISOL_FIKSNI_VEZAVA,1T,1229.3624238851003,889.8034194342002,327.45355634090004,12.105448110000001,5760.981,prev1m_cyclic_unbounded,5
Fluvius_HP_EV,4,ELEN_DINAMICNA,ELEN_DINAMICNA,-,1173.615240628,826.2972535638,335.21253895419994,12.105448110000001,5760.981,prev1m_cyclic_unbounded,5
Fluvius_HP_EV,4,ELEN_FIKSNI@2T,ELEN_FIKSNI,2T,1320.4562128861003,987.4850238922002,320.86574088390006,12.105448110000001,5760.981,prev1m_cyclic_unbounded,5
Fluvius_HP_EV,4,ELEN_FIKSNI@1T,ELEN_FIKSNI,1T,1320.4693242261003,987.4981352322002,320.86574088390006,12.105448110000001,5760.981,prev1m_cyclic_unbounded,5
Fluvius_HP_EV,4,ELEN_ZANESLJIVA@2T,ELEN_ZANESLJIVA,2T,1285.3142287860996,952.3430397921996,320.86574088390006,12.105448110000001,5760.981,prev1m_cyclic_unbounded,5
Fluvius_HP_EV,4,ELEN_ZANESLJIVA@1T,ELEN_ZANESLJIVA,1T,1285.3273401261004,952.3561511322004,320.86574088390006,12.105448110000001,5760.981,prev1m_cyclic_unbounded,5
Fluvius_HP_EV,4,GENI_AKTIVNI,GENI_AKTIVNI,-,1241.9092526143,911.7195859322,318.0842185720999,12.105448110000001,5760.981,prev1m_cyclic_unbounded,5
Fluvius_HP_EV,4,GENI_DINAMICNI,GENI_DINAMICNI,-,1170.8337186138,826.2972535638,332.43101694,12.105448110000001,5760.981,prev1m_cyclic_unbounded,5
Fluvius_HP_EV,4,GENI_FIKSNI@2T,GENI_FIKSNI,2T,1282.5327064742996,952.3430397921996,318.0842185720999,12.105448110000001,5760.981,prev1m_cyclic_unbounded,5
Fluvius_HP_EV,4,GENI_FIKSNI@1T,GENI_FIKSNI,1T,1282.5458178143003,952.3561511322004,318.0842185720999,12.105448110000001,5760.981,prev1m_cyclic_unbounded,5
Fluvius_HP_EV,4,GENI_REDNI@2T,GENI_REDNI,2T,1247.3907223743,917.2010556921999,318.0842185720999,12.105448110000001,5760.981,prev1m_cyclic_unbounded,5
Fluvius_HP_EV,4,GENI_REDNI@1T,GENI_REDNI,1T,1247.4038337143,917.2141670322,318.0842185720999,12.105448110000001,5760.981,prev1m_cyclic_unbounded,5
Fluvius_HP_EV,4,PETROL_AKCIJSKI@2T,PETROL_AKCIJSKI,2T,1269.2649253493005,924.5820642932003,332.5774129461,12.105448110000001,5760.981,prev1m_cyclic_unbounded,5
Fluvius_HP_EV,4,PETROL_AKCIJSKI@1T,PETROL_AKCIJSKI,1T,1269.2768447492997,924.5939836931997,332.5774129461,12.105448110000001,5760.981,prev1m_cyclic_unbounded,5
Fluvius_HP_EV,4,PETROL_FIKS2026@2T,PETROL_FIKS2026,2T,1290.3489238693005,945.6660628132006,332.5774129461,12.105448110000001,5760.981,prev1m_cyclic_unbounded,5
Fluvius_HP_EV,4,PETROL_FIKS2026@1T,PETROL_FIKS2026,1T,1290.3620352092992,945.6791741531991,332.5774129461,12.105448110000001,5760.981,prev1m_cyclic_unbounded,5
Fluvius_HP_EV,4,PETROL_REDNI@2T,PETROL_REDNI,2T,1325.4920999093001,980.8092388532002,332.5774129461,12.105448110000001,5760.981,prev1m_cyclic_unbounded,5
Fluvius_HP_EV,4,PETROL_REDNI@1T,PETROL_REDNI,1T,1325.5040193093,980.8211582532001,332.5774129461,12.105448110000001,5760.981,prev1m_cyclic_unbounded,5
Fluvius_HP_EV,5,BISOL_DINAMICNI,BISOL_DINAMICNI,-,997.9275629615,746.0100859644,243.11540931710005,8.80206768,4605.7029999999995,prev1m_cyclic_unbounded,5
Fluvius_HP_EV,5,BISOL_DINAMICNI_PLUS,BISOL_DINAMICNI_PLUS,-,1021.7900951235001,746.0100859644,266.9779414791001,8.80206768,4605.7029999999995,prev1m_cyclic_unbounded,5
Fluvius_HP_EV,5,BISOL_FIKSNI@2T,BISOL_FIKSNI,2T,1041.4529076991,789.535430702,243.11540931710005,8.80206768,4605.7029999999995,prev1m_cyclic_unbounded,5
Fluvius_HP_EV,5,BISOL_FIKSNI@1T,BISOL_FIKSNI,1T,1031.9521454991,780.034668502,243.11540931710005,8.80206768,4605.7029999999995,prev1m_cyclic_unbounded,5
Fluvius_HP_EV,5,BISOL_FIKSNI99@2T,BISOL_FIKSNI99,2T,951.9838734191002,700.066396422,243.11540931710005,8.80206768,4605.7029999999995,prev1m_cyclic_unbounded,5
Fluvius_HP_EV,5,BISOL_FIKSNI99@1T,BISOL_FIKSNI99,1T,930.8109076191,678.8934306219999,243.11540931710005,8.80206768,4605.7029999999995,prev1m_cyclic_unbounded,5
Fluvius_HP_EV,5,BISOL_FIKSNI_VEZAVA@2T,BISOL_FIKSNI_VEZAVA,2T,979.6443734391001,727.726896442,243.11540931710005,8.80206768,4605.7029999999995,prev1m_cyclic_unbounded,5
Fluvius_HP_EV,5,BISOL_FIKSNI_VEZAVA@1T,BISOL_FIKSNI_VEZAVA,1T,964.5246535791001,712.6071765820001,243.11540931710005,8.80206768,4605.7029999999995,prev1m_cyclic_unbounded,5
Fluvius_HP_EV,5,ELEN_DINAMICNA,ELEN_DINAMICNA,-,992.9037915394,733.227332505,250.87439135439996,8.80206768,4605.7029999999995,prev1m_cyclic_unbounded,5
Fluvius_HP_EV,5,ELEN_FIKSNI@2T,ELEN_FIKSNI,2T,1046.4911880160998,801.1615264759998,236.52759386009998,8.80206768,4605.7029999999995,prev1m_cyclic_unbounded,5
Fluvius_HP_EV,5,ELEN_FIKSNI@1T,ELEN_FIKSNI,1T,1036.0403495960998,790.7106880559998,236.52759386009998,8.80206768,4605.7029999999995,prev1m_cyclic_unbounded,5
Fluvius_HP_EV,5,ELEN_ZANESLJIVA@2T,ELEN_ZANESLJIVA,2T,1018.3963997161002,773.0667381760002,236.52759386009998,8.80206768,4605.7029999999995,prev1m_cyclic_unbounded,5
Fluvius_HP_EV,5,ELEN_ZANESLJIVA@1T,ELEN_ZANESLJIVA,1T,1007.9455612961001,762.6158997560001,236.52759386009998,8.80206768,4605.7029999999995,prev1m_cyclic_unbounded,5
Fluvius_HP_EV,5,GENI_AKTIVNI,GENI_AKTIVNI,-,1017.0872826282999,774.5391439759999,233.7460709723,8.80206768,4605.7029999999995,prev1m_cyclic_unbounded,5
Fluvius_HP_EV,5,GENI_DINAMICNI,GENI_DINAMICNI,-,990.1222689396001,733.227332505,248.0928687546,8.80206768,4605.7029999999995,prev1m_cyclic_unbounded,5
Fluvius_HP_EV,5,GENI_FIKSNI@2T,GENI_FIKSNI,2T,1015.6148768283002,773.0667381760002,233.7460709723,8.80206768,4605.7029999999995,prev1m_cyclic_unbounded,5
Fluvius_HP_EV,5,GENI_FIKSNI@1T,GENI_FIKSNI,1T,1005.1640384083001,762.6158997560001,233.7460709723,8.80206768,4605.7029999999995,prev1m_cyclic_unbounded,5
Fluvius_HP_EV,5,GENI_REDNI@2T,GENI_REDNI,2T,987.5200885282999,744.9719498759998,233.7460709723,8.80206768,4605.7029999999995,prev1m_cyclic_unbounded,5
Fluvius_HP_EV,5,GENI_REDNI@1T,GENI_REDNI,1T,977.0692501082999,734.5211114559999,233.7460709723,8.80206768,4605.7029999999995,prev1m_cyclic_unbounded,5
Fluvius_HP_EV,5,PETROL_AKCIJSKI@2T,PETROL_AKCIJSKI,2T,1006.9631125229002,749.9217791990002,248.23926564389998,8.80206768,4605.7029999999995,prev1m_cyclic_unbounded,5
Fluvius_HP_EV,5,PETROL_AKCIJSKI@1T,PETROL_AKCIJSKI,1T,997.4623503229001,740.421016999,248.23926564389998,8.80206768,4605.7029999999995,prev1m_cyclic_unbounded,5
Fluvius_HP_EV,5,PETROL_FIKS2026@2T,PETROL_FIKS2026,2T,1024.7700617229,767.7287283989999,248.23926564389998,8.80206768,4605.7029999999995,prev1m_cyclic_unbounded,5
Fluvius_HP_EV,5,PETROL_FIKS2026@1T,PETROL_FIKS2026,1T,1014.3192233028997,757.2778899789996,248.23926564389998,8.80206768,4605.7029999999995,prev1m_cyclic_unbounded,5
Fluvius_HP_EV,5,PETROL_REDNI@2T,PETROL_REDNI,2T,1051.9147738029,794.8734404790002,248.23926564389998,8.80206768,4605.7029999999995,prev1m_cyclic_unbounded,5
Fluvius_HP_EV,5,PETROL_REDNI@1T,PETROL_REDNI,1T,1042.4140116029,785.3726782790002,248.23926564389998,8.80206768,4605.7029999999995,prev1m_cyclic_unbounded,5
