Dataset,Household,Paket_ID,Cost_EUR,Energy_EUR,Fixed_EUR,Excess_Power_EUR,Import_kWh,Agreed_Power
Fluvius,1,BISOL_DINAMICNI,538.2017328264,369.4820882174,163.04147304699998,5.678171562,2254.731,prev1m_cyclic_unbounded
Fluvius,1,BISOL_DINAMICNI_PLUS,562.064264978,369.4820882174,186.9040051986,5.678171562,2254.731,prev1m_cyclic_unbounded
Fluvius,1,BISOL_FIKSNI,552.6536572604,383.93401265140005,163.04147304699998,5.678171562,2254.731,prev1m_cyclic_unbounded
Fluvius,1,BISOL_FIKSNI99,509.18518780039994,340.4655431914,163.04147304699998,5.678171562,2254.731,prev1m_cyclic_unbounded
Fluvius,1,BISOL_FIKSNI_VEZAVA,522.3951672403999,353.6755226314,163.04147304699998,5.678171562,2254.731,prev1m_cyclic_unbounded
Fluvius,1,ELEN_DINAMICNA,529.8058279316999,353.32720069979996,170.8004556699,5.678171562,2254.731,prev1m_cyclic_unbounded
Fluvius,1,ELEN_FIKSNI,551.6249107614,389.4930816094,156.45365758999998,5.678171562,2254.731,prev1m_cyclic_unbounded
Fluvius,1,ELEN_ZANESLJIVA,537.8710516613999,375.73922250939995,156.45365758999998,5.678171562,2254.731,prev1m_cyclic_unbounded
Fluvius,1,GENI_AKTIVNI,518.6961392592,359.3458324094,153.6721352878,5.678171562,2254.731,prev1m_cyclic_unbounded
Fluvius,1,GENI_DINAMICNI,527.0243053413999,353.32720069979996,168.0189330796,5.678171562,2254.731,prev1m_cyclic_unbounded
Fluvius,1,GENI_FIKSNI,535.0895293591999,375.73922250939995,153.6721352878,5.678171562,2254.731,prev1m_cyclic_unbounded
Fluvius,1,GENI_REDNI,521.3356702591999,361.98536340939995,153.6721352878,5.678171562,2254.731,prev1m_cyclic_unbounded
Fluvius,1,PETROL_AKCIJSKI,538.3845725442,364.54107132039996,168.1653296618,5.678171562,2254.731,prev1m_cyclic_unbounded
Fluvius,1,PETROL_FIKS2026,546.9694905041999,373.1259892804,168.1653296618,5.678171562,2254.731,prev1m_cyclic_unbounded
Fluvius,1,PETROL_REDNI,560.3907471041999,386.54724588039994,168.1653296618,5.678171562,2254.731,prev1m_cyclic_unbounded
Fluvius,2,BISOL_DINAMICNI,572.1114490589,376.7614306438,189.46638541509998,5.8836330000000014,2513.38,prev1m_cyclic_unbounded
Fluvius,2,BISOL_DINAMICNI_PLUS,595.9739794162,376.7614306438,213.3289157724,5.8836330000000014,2513.38,prev1m_cyclic_unbounded
Fluvius,2,BISOL_FIKSNI,620.8045592591001,425.4545408440001,189.46638541509998,5.8836330000000014,2513.38,prev1m_cyclic_unbounded
Fluvius,2,BISOL_FIKSNI99,572.8999904591,377.54997204399996,189.46638541509998,5.8836330000000014,2513.38,prev1m_cyclic_unbounded
Fluvius,2,BISOL_FIKSNI_VEZAVA,587.0749996591,391.724981244,189.46638541509998,5.8836330000000014,2513.38,prev1m_cyclic_unbounded
Fluvius,2,ELEN_DINAMICNA,568.3564796062001,365.2474785874,197.22536801880003,5.8836330000000014,2513.38,prev1m_cyclic_unbounded
Fluvius,2,ELEN_FIKSNI,620.1933783541,431.431176884,182.87856847009996,5.8836330000000014,2513.38,prev1m_cyclic_unbounded
Fluvius,2,ELEN_ZANESLJIVA,604.8617603541,416.09955888400003,182.87856847009996,5.8836330000000014,2513.38,prev1m_cyclic_unbounded
Fluvius,2,GENI_AKTIVNI,551.9470857407,365.966405104,180.09704763669998,5.8836330000000014,2513.38,prev1m_cyclic_unbounded
Fluvius,2,GENI_DINAMICNI,565.5749572944001,365.2474785874,194.443845707,5.8836330000000014,2513.38,prev1m_cyclic_unbounded
Fluvius,2,GENI_FIKSNI,602.0802395207,416.09955888400003,180.09704763669998,5.8836330000000014,2513.38,prev1m_cyclic_unbounded
Fluvius,2,GENI_REDNI,586.7486215207,400.767940884,180.09704763669998,5.8836330000000014,2513.38,prev1m_cyclic_unbounded
Fluvius,2,PETROL_AKCIJSKI,604.3108326892001,403.836959464,194.5902402252,5.8836330000000014,2513.38,prev1m_cyclic_unbounded
Fluvius,2,PETROL_FIKS2026,613.6604246892001,413.1865514640001,194.5902402252,5.8836330000000014,2513.38,prev1m_cyclic_unbounded
Fluvius,2,PETROL_REDNI,628.8414214892,428.367548264,194.5902402252,5.8836330000000014,2513.38,prev1m_cyclic_unbounded
Fluvius,3,BISOL_DINAMICNI,641.9243073373,451.6300343794,184.4280705459,5.866202412,2863.609,prev1m_cyclic_unbounded
Fluvius,3,BISOL_DINAMICNI_PLUS,665.7868397777,451.6300343794,208.2906029863,5.866202412,2863.609,prev1m_cyclic_unbounded
Fluvius,3,BISOL_FIKSNI,670.6733660457002,480.37909308780013,184.4280705459,5.866202412,2863.609,prev1m_cyclic_unbounded
Fluvius,3,BISOL_FIKSNI99,617.0939465057,426.7996735478,184.4280705459,5.866202412,2863.609,prev1m_cyclic_unbounded
Fluvius,3,BISOL_FIKSNI_VEZAVA,632.2437332657,441.9494603078,184.4280705459,5.866202412,2863.609,prev1m_cyclic_unbounded
Fluvius,3,ELEN_DINAMICNA,634.7729051426,436.719649293,192.1870534376,5.866202412,2863.609,prev1m_cyclic_unbounded
Fluvius,3,ELEN_FIKSNI,670.4948255907001,486.78836808980003,177.84025508890002,5.866202412,2863.609,prev1m_cyclic_unbounded
Fluvius,3,ELEN_ZANESLJIVA,653.0268106907,469.3203531898,177.84025508890002,5.866202412,2863.609,prev1m_cyclic_unbounded
Fluvius,3,GENI_AKTIVNI,632.1575222973,451.2325868298,175.05873305549997,5.866202412,2863.609,prev1m_cyclic_unbounded
Fluvius,3,GENI_DINAMICNI,631.9913846164,436.719649293,189.4055329114,5.866202412,2863.609,prev1m_cyclic_unbounded
Fluvius,3,GENI_FIKSNI,650.2452886573,469.3203531898,175.05873305549997,5.866202412,2863.609,prev1m_cyclic_unbounded
Fluvius,3,GENI_REDNI,632.7772737573,451.8523382898,175.05873305549997,5.866202412,2863.609,prev1m_cyclic_unbounded
Fluvius,3,PETROL_AKCIJSKI,651.1673222179,455.7491920788,189.5519277271,5.866202412,2863.609,prev1m_cyclic_unbounded
Fluvius,3,PETROL_FIKS2026,661.4195604979001,466.00143035880006,189.5519277271,5.866202412,2863.609,prev1m_cyclic_unbounded
Fluvius,3,PETROL_REDNI,679.1161460579,483.6980159188,189.5519277271,5.866202412,2863.609,prev1m_cyclic_unbounded
Fluvius,4,BISOL_DINAMICNI,602.7286351345001,444.19610497220003,154.83959990030004,3.692930262,2764.8630000000003,prev1m_cyclic_unbounded
Fluvius,4,BISOL_DINAMICNI_PLUS,626.5911667005001,444.19610497220003,178.70213146630005,3.692930262,2764.8630000000003,prev1m_cyclic_unbounded
Fluvius,4,BISOL_FIKSNI,626.8034118289002,468.2708816666001,154.83959990030004,3.692930262,2764.8630000000003,prev1m_cyclic_unbounded
Fluvius,4,BISOL_FIKSNI99,573.9975552489001,415.4650250866,154.83959990030004,3.692930262,2764.8630000000003,prev1m_cyclic_unbounded
Fluvius,4,BISOL_FIKSNI_VEZAVA,589.6989503689,431.1664202066,154.83959990030004,3.692930262,2764.8630000000003,prev1m_cyclic_unbounded
Fluvius,4,ELEN_DINAMICNA,594.2754447689999,427.9839322814,162.59858222559998,3.692930262,2764.8630000000003,prev1m_cyclic_unbounded
Fluvius,4,ELEN_FIKSNI,626.8334677059,474.88875300060005,148.2517844433,3.692930262,2764.8630000000003,prev1m_cyclic_unbounded
Fluvius,4,ELEN_ZANESLJIVA,609.9678034059,458.02308870059994,148.2517844433,3.692930262,2764.8630000000003,prev1m_cyclic_unbounded
Fluvius,4,GENI_AKTIVNI,589.6402142636999,440.47702186059996,145.47026214110002,3.692930262,2764.8630000000003,prev1m_cyclic_unbounded
Fluvius,4,GENI_DINAMICNI,591.4939233491999,427.9839322814,159.81706080579997,3.692930262,2764.8630000000003,prev1m_cyclic_unbounded
Fluvius,4,GENI_FIKSNI,607.1862811037,458.02308870059994,145.47026214110002,3.692930262,2764.8630000000003,prev1m_cyclic_unbounded
Fluvius,4,GENI_REDNI,590.3206168037001,441.1574244006,145.47026214110002,3.692930262,2764.8630000000003,prev1m_cyclic_unbounded
Fluvius,4,PETROL_AKCIJSKI,608.1466814823001,444.49029500360007,159.96345621670002,3.692930262,2764.8630000000003,prev1m_cyclic_unbounded
Fluvius,4,PETROL_FIKS2026,618.4749989623,454.8186124836,159.96345621670002,3.692930262,2764.8630000000003,prev1m_cyclic_unbounded
Fluvius,4,PETROL_REDNI,635.1317443623,471.47535788359994,159.96345621670002,3.692930262,2764.8630000000003,prev1m_cyclic_unbounded
Fluvius,5,BISOL_DINAMICNI,207.8971022526,119.8462331426,70.580157754,17.470711356000002,734.002,prev1m_cyclic_unbounded
Fluvius,5,BISOL_DINAMICNI_PLUS,231.75963411700002,119.8462331426,94.44268961840001,17.470711356000002,734.002,prev1m_cyclic_unbounded
Fluvius,5,BISOL_FIKSNI,211.1241278394,123.07325872939998,70.580157754,17.470711356000002,734.002,prev1m_cyclic_unbounded
Fluvius,5,BISOL_FIKSNI99,197.41471211939998,109.36384300939999,70.580157754,17.470711356000002,734.002,prev1m_cyclic_unbounded
Fluvius,5,BISOL_FIKSNI_VEZAVA,201.27382099940004,113.22295188940004,70.580157754,17.470711356000002,734.002,prev1m_cyclic_unbounded
Fluvius,5,ELEN_DINAMICNA,212.04127282410002,116.2314211008,78.3391403673,17.470711356000002,734.002,prev1m_cyclic_unbounded
Fluvius,5,ELEN_FIKSNI,206.1695041784,124.70645052539999,63.992342297,17.470711356000002,734.002,prev1m_cyclic_unbounded
Fluvius,5,ELEN_ZANESLJIVA,201.69209197840001,120.22903832540001,63.992342297,17.470711356000002,734.002,prev1m_cyclic_unbounded
Fluvius,5,GENI_AKTIVNI,196.39499188660002,117.71346054540001,61.2108199852,17.470711356000002,734.002,prev1m_cyclic_unbounded
Fluvius,5,GENI_DINAMICNI,209.25975110740004,116.2314211008,75.5576186506,17.470711356000002,734.002,prev1m_cyclic_unbounded
Fluvius,5,GENI_FIKSNI,198.91056966660003,120.22903832540001,61.2108199852,17.470711356000002,734.002,prev1m_cyclic_unbounded
Fluvius,5,GENI_REDNI,194.4331574666,115.7516261254,61.2108199852,17.470711356000002,734.002,prev1m_cyclic_unbounded
Fluvius,5,PETROL_AKCIJSKI,209.93483324259998,116.76010752739998,75.70401435919999,17.470711356000002,734.002,prev1m_cyclic_unbounded
Fluvius,5,PETROL_FIKS2026,212.55305572260002,119.37833000740004,75.70401435919999,17.470711356000002,734.002,prev1m_cyclic_unbounded
Fluvius,5,PETROL_REDNI,217.09869276259997,123.92396704739997,75.70401435919999,17.470711356000002,734.002,prev1m_cyclic_unbounded
Fluvius_EV,1,BISOL_DINAMICNI,694.2987073037999,509.73892317779996,177.069675024,7.490109102000001,3193.812,prev1m_cyclic_unbounded
Fluvius_EV,1,BISOL_DINAMICNI_PLUS,718.1612394467,509.73892317779996,200.9322071669,7.490109102000001,3193.812,prev1m_cyclic_unbounded
Fluvius_EV,1,BISOL_FIKSNI,723.9419717587999,539.3821876328,177.069675024,7.490109102000001,3193.812,prev1m_cyclic_unbounded
Fluvius_EV,1,BISOL_FIKSNI99,663.3454245388,478.7856404128,177.069675024,7.490109102000001,3193.812,prev1m_cyclic_unbounded
Fluvius_EV,1,BISOL_FIKSNI_VEZAVA,681.0810147188,496.52123059280007,177.069675024,7.490109102000001,3193.812,prev1m_cyclic_unbounded
Fluvius_EV,1,ELEN_DINAMICNA,685.9557893885,493.63702237079997,184.8286579157,7.490109102000001,3193.812,prev1m_cyclic_unbounded
Fluvius_EV,1,ELEN_FIKSNI,724.8380377162,546.8660687688,170.4818598454,7.490109102000001,3193.812,prev1m_cyclic_unbounded
Fluvius_EV,1,ELEN_ZANESLJIVA,705.3557845162,527.3838155688,170.4818598454,7.490109102000001,3193.812,prev1m_cyclic_unbounded
Fluvius_EV,1,GENI_AKTIVNI,682.3125522244001,507.1221055888001,167.70033753360002,7.490109102000001,3193.812,prev1m_cyclic_unbounded
Fluvius_EV,1,GENI_DINAMICNI,683.1742676719,493.63702237079997,182.0471361991,7.490109102000001,3193.812,prev1m_cyclic_unbounded
Fluvius_EV,1,GENI_FIKSNI,702.5742622044,527.3838155688,167.70033753360002,7.490109102000001,3193.812,prev1m_cyclic_unbounded
Fluvius_EV,1,GENI_REDNI,683.0920090044,507.9015623688,167.70033753360002,7.490109102000001,3193.812,prev1m_cyclic_unbounded
Fluvius_EV,1,PETROL_AKCIJSKI,701.5958516305,511.91221062079995,182.19353190770002,7.490109102000001,3193.812,prev1m_cyclic_unbounded
Fluvius_EV,1,PETROL_FIKS2026,713.3658284705001,523.6821874608,182.19353190770002,7.490109102000001,3193.812,prev1m_cyclic_unbounded
Fluvius_EV,1,PETROL_REDNI,732.7674567505001,543.0838157408,182.19353190770002,7.490109102000001,3193.812,prev1m_cyclic_unbounded
Fluvius_EV,2,BISOL_DINAMICNI,1704.2079198642002,1459.937297398,233.5413874742,10.729234992000006,10022.657,prev1m_cyclic_unbounded
Fluvius_EV,2,BISOL_DINAMICNI_PLUS,1728.0704514118001,1459.937297398,257.4039190218,10.729234992000006,10022.657,prev1m_cyclic_unbounded
Fluvius_EV,2,BISOL_FIKSNI,1853.5496086790001,1609.2789862128,233.5413874742,10.729234992000006,10022.657,prev1m_cyclic_unbounded
Fluvius_EV,2,BISOL_FIKSNI99,1681.2576816590001,1436.9870591928,233.5413874742,10.729234992000006,10022.657,prev1m_cyclic_unbounded
Fluvius_EV,2,BISOL_FIKSNI_VEZAVA,1719.045551739,1474.7749292728,233.5413874742,10.729234992000006,10022.657,prev1m_cyclic_unbounded
Fluvius_EV,2,ELEN_DINAMICNA,1679.5359370221,1427.5063319426,241.3003700875,10.729234992000006,10022.657,prev1m_cyclic_unbounded
Fluvius_EV,2,ELEN_FIKSNI,1863.2997051104,1625.6168983988,226.9535717196,10.729234992000006,10022.657,prev1m_cyclic_unbounded
Fluvius_EV,2,ELEN_ZANESLJIVA,1802.1614974104002,1564.4786906988002,226.9535717196,10.729234992000006,10022.657,prev1m_cyclic_unbounded
Fluvius_EV,2,GENI_AKTIVNI,1919.1944600762004,1684.2931753788002,224.17204970539998,10.729234992000006,10022.657,prev1m_cyclic_unbounded
Fluvius_EV,2,GENI_DINAMICNI,1676.7544144223,1427.5063319426,238.5188474877,10.729234992000006,10022.657,prev1m_cyclic_unbounded
Fluvius_EV,2,GENI_FIKSNI,1799.3799753962003,1564.4786906988002,224.17204970539998,10.729234992000006,10022.657,prev1m_cyclic_unbounded
Fluvius_EV,2,GENI_REDNI,1738.2417676962,1503.3404829987999,224.17204970539998,10.729234992000006,10022.657,prev1m_cyclic_unbounded
Fluvius_EV,2,PETROL_AKCIJSKI,1772.4685924272,1523.0741133558,238.66524407939997,10.729234992000006,10022.657,prev1m_cyclic_unbounded
Fluvius_EV,2,PETROL_FIKS2026,1802.2569103072003,1552.8624312358002,238.66524407939997,10.729234992000006,10022.657,prev1m_cyclic_unbounded
Fluvius_EV,2,PETROL_REDNI,1870.2897247472006,1620.8952456758004,238.66524407939997,10.729234992000006,10022.657,prev1m_cyclic_unbounded
Fluvius_EV,3,BISOL_DINAMICNI,825.4195570521,624.7621452776,192.71285381050004,7.9445579639999995,3824.192,prev1m_cyclic_unbounded
Fluvius_EV,3,BISOL_DINAMICNI_PLUS,849.2820886180999,624.7621452776,216.5753853765,7.9445579639999995,3824.192,prev1m_cyclic_unbounded
Fluvius_EV,3,BISOL_FIKSNI,844.8358373979,644.1784256234,192.71285381050004,7.9445579639999995,3824.192,prev1m_cyclic_unbounded
Fluvius_EV,3,BISOL_FIKSNI99,772.5812080779,571.9237963034,192.71285381050004,7.9445579639999995,3824.192,prev1m_cyclic_unbounded
Fluvius_EV,3,BISOL_FIKSNI_VEZAVA,793.5151807579001,592.8577689834001,192.71285381050004,7.9445579639999995,3824.192,prev1m_cyclic_unbounded
Fluvius_EV,3,ELEN_DINAMICNA,810.5642411115999,602.1478467238,200.4718364238,7.9445579639999995,3824.192,prev1m_cyclic_unbounded
Fluvius_EV,3,ELEN_FIKSNI,847.0881624369,653.0185661194,186.12503835349997,7.9445579639999995,3824.192,prev1m_cyclic_unbounded
Fluvius_EV,3,ELEN_ZANESLJIVA,823.7605912369,629.6909949194,186.12503835349997,7.9445579639999995,3824.192,prev1m_cyclic_unbounded
Fluvius_EV,3,GENI_AKTIVNI,817.7802862651,626.4922122594,183.3435160417,7.9445579639999995,3824.192,prev1m_cyclic_unbounded
Fluvius_EV,3,GENI_DINAMICNI,807.7827188093999,602.1478467238,197.6903141216,7.9445579639999995,3824.192,prev1m_cyclic_unbounded
Fluvius_EV,3,GENI_FIKSNI,820.9790689251,629.6909949194,183.3435160417,7.9445579639999995,3824.192,prev1m_cyclic_unbounded
Fluvius_EV,3,GENI_REDNI,797.6514977251001,606.3634237194001,183.3435160417,7.9445579639999995,3824.192,prev1m_cyclic_unbounded
Fluvius_EV,3,PETROL_AKCIJSKI,817.0678189086999,611.2865502314,197.83671071329996,7.9445579639999995,3824.192,prev1m_cyclic_unbounded
Fluvius_EV,3,PETROL_FIKS2026,831.0400250687,625.2587563914001,197.83671071329996,7.9445579639999995,3824.192,prev1m_cyclic_unbounded
Fluvius_EV,3,PETROL_REDNI,854.3919328286999,648.6106641514,197.83671071329996,7.9445579639999995,3824.192,prev1m_cyclic_unbounded
Fluvius_EV,4,BISOL_DINAMICNI,1294.5467785540002,951.8864167526001,341.0297383034,1.630623498,6394.706,prev1m_cyclic_unbounded
Fluvius_EV,4,BISOL_DINAMICNI_PLUS,1318.4093103888001,951.8864167526001,364.8922701382,1.630623498,6394.706,prev1m_cyclic_unbounded
Fluvius_EV,4,BISOL_FIKSNI,1400.4310730566,1057.7707112552002,341.0297383034,1.630623498,6394.706,prev1m_cyclic_unbounded
Fluvius_EV,4,BISOL_FIKSNI99,1283.7487138966,941.0883520952,341.0297383034,1.630623498,6394.706,prev1m_cyclic_unbounded
Fluvius_EV,4,BISOL_FIKSNI_VEZAVA,1314.6141185366,971.9537567352,341.0297383034,1.630623498,6394.706,prev1m_cyclic_unbounded
Fluvius_EV,4,ELEN_DINAMICNA,1276.4935403707,926.074195956,348.7887209166999,1.630623498,6394.706,prev1m_cyclic_unbounded
Fluvius_EV,4,ELEN_FIKSNI,1406.9695732891998,1070.8970272431998,334.44192254800004,1.630623498,6394.706,prev1m_cyclic_unbounded
Fluvius_EV,4,ELEN_ZANESLJIVA,1367.9618666892002,1031.8893206432,334.44192254800004,1.630623498,6394.706,prev1m_cyclic_unbounded
Fluvius_EV,4,GENI_AKTIVNI,1356.3620968358,1023.0710728032,331.6604005346,1.630623498,6394.706,prev1m_cyclic_unbounded
Fluvius_EV,4,GENI_DINAMICNI,1273.7120183469,926.074195956,346.0071988929,1.630623498,6394.706,prev1m_cyclic_unbounded
Fluvius_EV,4,GENI_FIKSNI,1365.1803446758001,1031.8893206432,331.6604005346,1.630623498,6394.706,prev1m_cyclic_unbounded
Fluvius_EV,4,GENI_REDNI,1326.1726380758,992.8816140432,331.6604005346,1.630623498,6394.706,prev1m_cyclic_unbounded
Fluvius_EV,4,PETROL_AKCIJSKI,1350.554063355,1002.7698449492,346.1535949078,1.630623498,6394.706,prev1m_cyclic_unbounded
Fluvius_EV,4,PETROL_FIKS2026,1372.262074795,1024.4778563892,346.1535949078,1.630623498,6394.706,prev1m_cyclic_unbounded
Fluvius_EV,4,PETROL_REDNI,1412.966393915,1065.1821755092,346.1535949078,1.630623498,6394.706,prev1m_cyclic_unbounded
Fluvius_EV,5,BISOL_DINAMICNI,990.4404919284,674.9134850364,303.55284465,11.974162241999997,3923.0069999999996,prev1m_cyclic_unbounded
Fluvius_EV,5,BISOL_DINAMICNI_PLUS,1014.3030231985,674.9134850364,327.41537592009996,11.974162241999997,3923.0069999999996,prev1m_cyclic_unbounded
Fluvius_EV,5,BISOL_FIKSNI,982.5441679178003,667.0171610258003,303.55284465,11.974162241999997,3923.0069999999996,prev1m_cyclic_unbounded
Fluvius_EV,5,BISOL_FIKSNI99,907.3784355978001,591.8514287058001,303.55284465,11.974162241999997,3923.0069999999996,prev1m_cyclic_unbounded
Fluvius_EV,5,BISOL_FIKSNI_VEZAVA,929.8974139777998,614.3704070857998,303.55284465,11.974162241999997,3923.0069999999996,prev1m_cyclic_unbounded
Fluvius_EV,5,ELEN_DINAMICNA,970.5422025197,647.2562130144,311.3118272633,11.974162241999997,3923.0069999999996,prev1m_cyclic_unbounded
Fluvius_EV,5,ELEN_FIKSNI,985.44255037,676.5033592318,296.9650288962,11.974162241999997,3923.0069999999996,prev1m_cyclic_unbounded
Fluvius_EV,5,ELEN_ZANESLJIVA,961.5122076700001,652.5730165318,296.9650288962,11.974162241999997,3923.0069999999996,prev1m_cyclic_unbounded
Fluvius_EV,5,GENI_AKTIVNI,988.2254276150001,682.0677584918,294.1835068812,11.974162241999997,3923.0069999999996,prev1m_cyclic_unbounded
Fluvius_EV,5,GENI_DINAMICNI,967.7606813991001,647.2562130144,308.53030614270006,11.974162241999997,3923.0069999999996,prev1m_cyclic_unbounded
Fluvius_EV,5,GENI_FIKSNI,958.730685655,652.5730165318,294.1835068812,11.974162241999997,3923.0069999999996,prev1m_cyclic_unbounded
Fluvius_EV,5,GENI_REDNI,934.800342955,628.6426738318,294.1835068812,11.974162241999997,3923.0069999999996,prev1m_cyclic_unbounded
Fluvius_EV,5,PETROL_AKCIJSKI,953.9262410192001,633.2753778188,308.67670095840003,11.974162241999997,3923.0069999999996,prev1m_cyclic_unbounded
Fluvius_EV,5,PETROL_FIKS2026,968.6771146192,648.0262514187999,308.67670095840003,11.974162241999997,3923.0069999999996,prev1m_cyclic_unbounded
Fluvius_EV,5,PETROL_REDNI,992.2147893392001,671.5639261388001,308.67670095840003,11.974162241999997,3923.0069999999996,prev1m_cyclic_unbounded
Fluvius_HP,1,BISOL_DINAMICNI,1826.8848326899,1600.4170606769999,211.2166340269,15.251137986,10335.366999999998,prev1m_cyclic_unbounded
Fluvius_HP,1,BISOL_DINAMICNI_PLUS,1850.7473648327,1600.4170606769999,235.07916616970002,15.251137986,10335.366999999998,prev1m_cyclic_unbounded
Fluvius_HP,1,BISOL_FIKSNI,1950.0852124303,1723.6174404174,211.2166340269,15.251137986,10335.366999999998,prev1m_cyclic_unbounded
Fluvius_HP,1,BISOL_FIKSNI99,1757.9792532103,1531.5114811974,211.2166340269,15.251137986,10335.366999999998,prev1m_cyclic_unbounded
Fluvius_HP,1,BISOL_FIKSNI_VEZAVA,1811.3845872903,1584.9168152774,211.2166340269,15.251137986,10335.366999999998,prev1m_cyclic_unbounded
Fluvius_HP,1,ELEN_DINAMICNA,1781.9607615515,1547.7340066374,218.9756169281,15.251137986,10335.366999999998,prev1m_cyclic_unbounded
Fluvius_HP,1,ELEN_FIKSNI,1966.1204453793,1746.2404888234,204.62881856989998,15.251137986,10335.366999999998,prev1m_cyclic_unbounded
Fluvius_HP,1,ELEN_ZANESLJIVA,1903.0747066792999,1683.1947501234,204.62881856989998,15.251137986,10335.366999999998,prev1m_cyclic_unbounded
Fluvius_HP,1,GENI_AKTIVNI,1865.0342928354,1647.9358583034,201.847296546,15.251137986,10335.366999999998,prev1m_cyclic_unbounded
Fluvius_HP,1,GENI_DINAMICNI,1779.1792395373,1547.7340066374,216.19409491390002,15.251137986,10335.366999999998,prev1m_cyclic_unbounded
Fluvius_HP,1,GENI_FIKSNI,1900.2931846554,1683.1947501234,201.847296546,15.251137986,10335.366999999998,prev1m_cyclic_unbounded
Fluvius_HP,1,GENI_REDNI,1837.2474459554,1620.1490114234,201.847296546,15.251137986,10335.366999999998,prev1m_cyclic_unbounded
Fluvius_HP,1,PETROL_AKCIJSKI,1866.3145777565,1634.7229488504001,216.3404909201,15.251137986,10335.366999999998,prev1m_cyclic_unbounded
Fluvius_HP,1,PETROL_FIKS2026,1902.8076886765,1671.2160597704,216.3404909201,15.251137986,10335.366999999998,prev1m_cyclic_unbounded
Fluvius_HP,1,PETROL_REDNI,1967.1877596764998,1735.5961307704,216.3404909201,15.251137986,10335.366999999998,prev1m_cyclic_unbounded
Fluvius_HP,2,BISOL_DINAMICNI,1818.9091638956,1534.9109848941998,272.3374330234,11.660745978,9229.556,prev1m_cyclic_unbounded
Fluvius_HP,2,BISOL_DINAMICNI_PLUS,1842.7716954424,1534.9109848941998,296.19996457020005,11.660745978,9229.556,prev1m_cyclic_unbounded
Fluvius_HP,2,BISOL_FIKSNI,1846.6881998476001,1562.6900208462,272.3374330234,11.660745978,9229.556,prev1m_cyclic_unbounded
Fluvius_HP,2,BISOL_FIKSNI99,1671.8784038876001,1387.8802248862,272.3374330234,11.660745978,9229.556,prev1m_cyclic_unbounded
Fluvius_HP,2,BISOL_FIKSNI_VEZAVA,1722.8275583276002,1438.8293793262,272.3374330234,11.660745978,9229.556,prev1m_cyclic_unbounded
Fluvius_HP,2,ELEN_DINAMICNA,1774.2970803878,1482.5399181972,280.0964162126,11.660745978,9229.556,prev1m_cyclic_unbounded
Fluvius_HP,2,ELEN_FIKSNI,1861.606052277,1584.1956884541999,265.7496178448,11.660745978,9229.556,prev1m_cyclic_unbounded
Fluvius_HP,2,ELEN_ZANESLJIVA,1805.305760677,1527.8953968542,265.7496178448,11.660745978,9229.556,prev1m_cyclic_unbounded
Fluvius_HP,2,GENI_AKTIVNI,1770.7828947627,1496.1540529541999,262.9680958305,11.660745978,9229.556,prev1m_cyclic_unbounded
Fluvius_HP,2,GENI_DINAMICNI,1771.5155586704,1482.5399181972,277.3148944952,11.660745978,9229.556,prev1m_cyclic_unbounded
Fluvius_HP,2,GENI_FIKSNI,1802.5242386627,1527.8953968542,262.9680958305,11.660745978,9229.556,prev1m_cyclic_unbounded
Fluvius_HP,2,GENI_REDNI,1746.2239470627,1471.5951052542,262.9680958305,11.660745978,9229.556,prev1m_cyclic_unbounded
Fluvius_HP,2,PETROL_AKCIJSKI,1772.4286452768001,1483.3066096902,277.4612896086,11.660745978,9229.556,prev1m_cyclic_unbounded
Fluvius_HP,2,PETROL_FIKS2026,1806.3203770368,1517.1983414502,277.4612896086,11.660745978,9229.556,prev1m_cyclic_unbounded
Fluvius_HP,2,PETROL_REDNI,1862.5091118368002,1573.3870762502002,277.4612896086,11.660745978,9229.556,prev1m_cyclic_unbounded
Fluvius_HP,3,BISOL_DINAMICNI,1131.3896705467,947.9781534626,175.7532064241,7.6583106600000015,6826.875,prev1m_cyclic_unbounded
Fluvius_HP,3,BISOL_DINAMICNI_PLUS,1155.2522021143,947.9781534626,199.61573799169997,7.6583106600000015,6826.875,prev1m_cyclic_unbounded
Fluvius_HP,3,BISOL_FIKSNI,1266.7225190781,1083.311001994,175.7532064241,7.6583106600000015,6826.875,prev1m_cyclic_unbounded
Fluvius_HP,3,BISOL_FIKSNI99,1152.2212673781,968.809750294,175.7532064241,7.6583106600000015,6826.875,prev1m_cyclic_unbounded
Fluvius_HP,3,BISOL_FIKSNI_VEZAVA,1175.1058565781,991.6943394939999,175.7532064241,7.6583106600000015,6826.875,prev1m_cyclic_unbounded
Fluvius_HP,3,ELEN_DINAMICNA,1123.6633626912,932.4928629937999,183.51218903740002,7.6583106600000015,6826.875,prev1m_cyclic_unbounded
Fluvius_HP,3,ELEN_FIKSNI,1270.1214180511,1093.2977164239999,169.16539096709997,7.6583106600000015,6826.875,prev1m_cyclic_unbounded
Fluvius_HP,3,ELEN_ZANESLJIVA,1228.4774805511001,1051.653778924,169.16539096709997,7.6583106600000015,6826.875,prev1m_cyclic_unbounded
Fluvius_HP,3,GENI_AKTIVNI,1307.1523161544,1133.110136244,166.38386925039998,7.6583106600000015,6826.875,prev1m_cyclic_unbounded
Fluvius_HP,3,GENI_DINAMICNI,1120.8818406865,932.4928629937999,180.7306670327,7.6583106600000015,6826.875,prev1m_cyclic_unbounded
Fluvius_HP,3,GENI_FIKSNI,1225.6959588344002,1051.653778924,166.38386925039998,7.6583106600000015,6826.875,prev1m_cyclic_unbounded
Fluvius_HP,3,GENI_REDNI,1184.0520213344,1010.0098414239999,166.38386925039998,7.6583106600000015,6826.875,prev1m_cyclic_unbounded
Fluvius_HP,3,PETROL_AKCIJSKI,1213.1284235115002,1024.593050119,180.8770627325,7.6583106600000015,6826.875,prev1m_cyclic_unbounded
Fluvius_HP,3,PETROL_FIKS2026,1232.2768041915,1043.741430799,180.8770627325,7.6583106600000015,6826.875,prev1m_cyclic_unbounded
Fluvius_HP,3,PETROL_REDNI,1279.7587235115004,1091.2233501190003,180.8770627325,7.6583106600000015,6826.875,prev1m_cyclic_unbounded
Fluvius_HP,4,BISOL_DINAMICNI,1660.8818821085,1470.2773552186,183.49271434989998,7.111812540000002,9197.683,prev1m_cyclic_unbounded
Fluvius_HP,4,BISOL_DINAMICNI_PLUS,1684.7444133777,1470.2773552186,207.3552456191,7.111812540000002,9197.683,prev1m_cyclic_unbounded
Fluvius_HP,4,BISOL_FIKSNI,1718.5944742443,1527.9899473544,183.49271434989998,7.111812540000002,9197.683,prev1m_cyclic_unbounded
Fluvius_HP,4,BISOL_FIKSNI99,1549.6410064642998,1359.0364795744,183.49271434989998,7.111812540000002,9197.683,prev1m_cyclic_unbounded
Fluvius_HP,4,BISOL_FIKSNI_VEZAVA,1595.1615683843,1404.5570414944,183.49271434989998,7.111812540000002,9197.683,prev1m_cyclic_unbounded
Fluvius_HP,4,ELEN_DINAMICNA,1620.9568129274,1422.5933037122,191.25169667519998,7.111812540000002,9197.683,prev1m_cyclic_unbounded
Fluvius_HP,4,ELEN_FIKSNI,1731.3370002853,1547.3202894484,176.90489829690003,7.111812540000002,9197.683,prev1m_cyclic_unbounded
Fluvius_HP,4,ELEN_ZANESLJIVA,1675.2311339853,1491.2144231483999,176.90489829690003,7.111812540000002,9197.683,prev1m_cyclic_unbounded
Fluvius_HP,4,GENI_AKTIVNI,1682.4467827189999,1501.2115935883999,174.12337659059995,7.111812540000002,9197.683,prev1m_cyclic_unbounded
Fluvius_HP,4,GENI_DINAMICNI,1618.1752906251,1422.5933037122,188.4701743729,7.111812540000002,9197.683,prev1m_cyclic_unbounded
Fluvius_HP,4,GENI_FIKSNI,1672.449612279,1491.2144231483999,174.12337659059995,7.111812540000002,9197.683,prev1m_cyclic_unbounded
Fluvius_HP,4,GENI_REDNI,1616.343745979,1435.1085568484,174.12337659059995,7.111812540000002,9197.683,prev1m_cyclic_unbounded
Fluvius_HP,4,PETROL_AKCIJSKI,1644.6090587801,1448.8806758714,188.6165703687,7.111812540000002,9197.683,prev1m_cyclic_unbounded
Fluvius_HP,4,PETROL_FIKS2026,1676.2826914601,1480.5543085514,188.6165703687,7.111812540000002,9197.683,prev1m_cyclic_unbounded
Fluvius_HP,4,PETROL_REDNI,1734.3784448601,1538.6500619514,188.6165703687,7.111812540000002,9197.683,prev1m_cyclic_unbounded
Fluvius_HP,5,BISOL_DINAMICNI,1962.6629215419855,1557.7925301144853,404.1535721775,0.71681925,9968.576286,prev1m_cyclic_unbounded
Fluvius_HP,5,BISOL_DINAMICNI_PLUS,1986.5254521968855,1557.7925301144853,428.01610283240007,0.71681925,9968.576286,prev1m_cyclic_unbounded
Fluvius_HP,5,BISOL_FIKSNI,2062.874326488696,1658.0039350611964,404.1535721775,0.71681925,9968.576286,prev1m_cyclic_unbounded
Fluvius_HP,5,BISOL_FIKSNI99,1880.4124590422364,1475.5420676147362,404.1535721775,0.71681925,9968.576286,prev1m_cyclic_unbounded
Fluvius_HP,5,BISOL_FIKSNI_VEZAVA,1929.0960327305763,1524.2256413030764,404.1535721775,0.71681925,9968.576286,prev1m_cyclic_unbounded
Fluvius_HP,5,ELEN_DINAMICNA,1919.052800789476,1506.423427324676,411.9125542147999,0.71681925,9968.576286,prev1m_cyclic_unbounded
Fluvius_HP,5,ELEN_FIKSNI,2076.9761065163243,1678.6935308434245,397.56575642290005,0.71681925,9968.576286,prev1m_cyclic_unbounded
Fluvius_HP,5,ELEN_ZANESLJIVA,2016.1677911717245,1617.8852154988244,397.56575642290005,0.71681925,9968.576286,prev1m_cyclic_unbounded
Fluvius_HP,5,GENI_AKTIVNI,1980.3506409994445,1584.8495879167444,394.7842338327,0.71681925,9968.576286,prev1m_cyclic_unbounded
Fluvius_HP,5,GENI_DINAMICNI,1916.271278775276,1506.423427324676,409.13103220060003,0.71681925,9968.576286,prev1m_cyclic_unbounded
Fluvius_HP,5,GENI_FIKSNI,2013.3862685815245,1617.8852154988244,394.7842338327,0.71681925,9968.576286,prev1m_cyclic_unbounded
Fluvius_HP,5,GENI_REDNI,1952.5779532369245,1557.0769001542244,394.7842338327,0.71681925,9968.576286,prev1m_cyclic_unbounded
Fluvius_HP,5,PETROL_AKCIJSKI,1982.2584575845106,1572.2642104253105,409.27742790920007,0.71681925,9968.576286,prev1m_cyclic_unbounded
Fluvius_HP,5,PETROL_FIKS2026,2016.3258827425507,1606.3316355833506,409.27742790920007,0.71681925,9968.576286,prev1m_cyclic_unbounded
Fluvius_HP,5,PETROL_REDNI,2079.5517621358704,1669.5575149766705,409.27742790920007,0.71681925,9968.576286,prev1m_cyclic_unbounded
Fluvius_HP_EV,1,BISOL_DINAMICNI,1884.3986962678,1468.274792343,398.3984097748,17.72549415,10144.541,prev1m_cyclic_unbounded
Fluvius_HP_EV,1,BISOL_DINAMICNI_PLUS,1908.2612272387,1468.274792343,422.2609407457,17.72549415,10144.541,prev1m_cyclic_unbounded
Fluvius_HP_EV,1,BISOL_FIKSNI,2070.2356632716,1654.1117593468,398.3984097748,17.72549415,10144.541,prev1m_cyclic_unbounded
Fluvius_HP_EV,1,BISOL_FIKSNI99,1890.7512116116002,1474.6273076868001,398.3984097748,17.72549415,10144.541,prev1m_cyclic_unbounded
Fluvius_HP_EV,1,BISOL_FIKSNI_VEZAVA,1934.0959230515998,1517.9720191267998,398.3984097748,17.72549415,10144.541,prev1m_cyclic_unbounded
Fluvius_HP_EV,1,ELEN_DINAMICNA,1865.4405987171,1441.557712467,406.1573921001,17.72549415,10144.541,prev1m_cyclic_unbounded
Fluvius_HP_EV,1,ELEN_FIKSNI,2082.2233663926004,1672.6872779248001,391.8105943178,17.72549415,10144.541,prev1m_cyclic_unbounded
Fluvius_HP_EV,1,ELEN_ZANESLJIVA,2020.3416662926,1610.8055778248,391.8105943178,17.72549415,10144.541,prev1m_cyclic_unbounded
Fluvius_HP_EV,1,GENI_AKTIVNI,2048.8266269928,1642.0720611247998,389.02907171799995,17.72549415,10144.541,prev1m_cyclic_unbounded
Fluvius_HP_EV,1,GENI_DINAMICNI,1862.6590764053,1441.557712467,403.37586978829995,17.72549415,10144.541,prev1m_cyclic_unbounded
Fluvius_HP_EV,1,GENI_FIKSNI,2017.5601436928,1610.8055778248,389.02907171799995,17.72549415,10144.541,prev1m_cyclic_unbounded
Fluvius_HP_EV,1,GENI_REDNI,1955.6784435928002,1548.9238777248001,389.02907171799995,17.72549415,10144.541,prev1m_cyclic_unbounded
Fluvius_HP_EV,1,PETROL_AKCIJSKI,1988.1063224478999,1566.8585622058,403.52226609210004,17.72549415,10144.541,prev1m_cyclic_unbounded
Fluvius_HP_EV,1,PETROL_FIKS2026,2020.2958150479003,1599.0480548058001,403.52226609210004,17.72549415,10144.541,prev1m_cyclic_unbounded
Fluvius_HP_EV,1,PETROL_REDNI,2087.1170426079,1665.8692823658,403.52226609210004,17.72549415,10144.541,prev1m_cyclic_unbounded
Fluvius_HP_EV,2,BISOL_DINAMICNI,3315.4859499248983,2616.118279304198,680.0414959907,19.32617463,16412.595272,prev1m_cyclic_unbounded
Fluvius_HP_EV,2,BISOL_DINAMICNI_PLUS,3339.348481770998,2616.118279304198,703.9040278368,19.32617463,16412.595272,prev1m_cyclic_unbounded
Fluvius_HP_EV,2,BISOL_FIKSNI,3470.9020450984085,2771.5343744777083,680.0414959907,19.32617463,16412.595272,prev1m_cyclic_unbounded
Fluvius_HP_EV,2,BISOL_FIKSNI99,3160.599922681588,2461.2322520608877,680.0414959907,19.32617463,16412.595272,prev1m_cyclic_unbounded
Fluvius_HP_EV,2,BISOL_FIKSNI_VEZAVA,3250.645016548168,2551.2773459274676,680.0414959907,19.32617463,16412.595272,prev1m_cyclic_unbounded
Fluvius_HP_EV,2,ELEN_DINAMICNA,3252.9578986332403,2545.8312462632402,687.8004777400001,19.32617463,16412.595272,prev1m_cyclic_unbounded
Fluvius_HP_EV,2,ELEN_FIKSNI,3502.334603811224,2809.554748647524,673.4536805337001,19.32617463,16412.595272,prev1m_cyclic_unbounded
Fluvius_HP_EV,2,ELEN_ZANESLJIVA,3402.2177726520245,2709.4379174883243,673.4536805337001,19.32617463,16412.595272,prev1m_cyclic_unbounded
Fluvius_HP_EV,2,GENI_AKTIVNI,3239.927780509544,2549.9294485216437,670.6721573579,19.32617463,16412.595272,prev1m_cyclic_unbounded
Fluvius_HP_EV,2,GENI_DINAMICNI,3250.1763763214403,2545.8312462632402,685.0189554282,19.32617463,16412.595272,prev1m_cyclic_unbounded
Fluvius_HP_EV,2,GENI_FIKSNI,3399.436249476224,2709.4379174883243,670.6721573579,19.32617463,16412.595272,prev1m_cyclic_unbounded
Fluvius_HP_EV,2,GENI_REDNI,3299.319418317024,2609.3210863291242,670.6721573579,19.32617463,16412.595272,prev1m_cyclic_unbounded
Fluvius_HP_EV,2,PETROL_AKCIJSKI,3334.861168905936,2630.3696425432363,685.1653517327,19.32617463,16412.595272,prev1m_cyclic_unbounded
Fluvius_HP_EV,2,PETROL_FIKS2026,3394.9072459307763,2690.4157195680764,685.1653517327,19.32617463,16412.595272,prev1m_cyclic_unbounded
Fluvius_HP_EV,2,PETROL_REDNI,3495.048098760656,2790.556572397956,685.1653517327,19.32617463,16412.595272,prev1m_cyclic_unbounded
Fluvius_HP_EV,3,BISOL_DINAMICNI,2084.3705562438,1490.2573990894,567.3465592124,26.766597942,9537.220000000001,prev1m_cyclic_unbounded
Fluvius_HP_EV,3,BISOL_DINAMICNI_PLUS,2108.2330883867,1490.2573990894,591.2090913553,26.766597942,9537.220000000001,prev1m_cyclic_unbounded
Fluvius_HP_EV,3,BISOL_FIKSNI,2188.8563088826,1594.7431517282,567.3465592124,26.766597942,9537.220000000001,prev1m_cyclic_unbounded
Fluvius_HP_EV,3,BISOL_FIKSNI99,2011.9778723826003,1417.8647152282,567.3465592124,26.766597942,9537.220000000001,prev1m_cyclic_unbounded
Fluvius_HP_EV,3,BISOL_FIKSNI_VEZAVA,2060.8668164826,1466.7536593282,567.3465592124,26.766597942,9537.220000000001,prev1m_cyclic_unbounded
Fluvius_HP_EV,3,ELEN_DINAMICNA,2039.2774241375002,1437.4052837938002,575.1055424017,26.766597942,9537.220000000001,prev1m_cyclic_unbounded
Fluvius_HP_EV,3,ELEN_FIKSNI,2202.9876121839998,1615.4622702082,560.7587440337999,26.766597942,9537.220000000001,prev1m_cyclic_unbounded
Fluvius_HP_EV,3,ELEN_ZANESLJIVA,2144.8105701839995,1557.2852282082,560.7587440337999,26.766597942,9537.220000000001,prev1m_cyclic_unbounded
Fluvius_HP_EV,3,GENI_AKTIVNI,2087.5232557898,1502.7794358282,557.9772220196002,26.766597942,9537.220000000001,prev1m_cyclic_unbounded
Fluvius_HP_EV,3,GENI_DINAMICNI,2036.4959018257002,1437.4052837938002,572.3240200899,26.766597942,9537.220000000001,prev1m_cyclic_unbounded
Fluvius_HP_EV,3,GENI_FIKSNI,2142.0290481698,1557.2852282082,557.9772220196002,26.766597942,9537.220000000001,prev1m_cyclic_unbounded
Fluvius_HP_EV,3,GENI_REDNI,2083.8520061698,1499.1081862082,557.9772220196002,26.766597942,9537.220000000001,prev1m_cyclic_unbounded
Fluvius_HP_EV,3,PETROL_AKCIJSKI,2111.9505368437995,1512.7135225082,572.4704163935999,26.766597942,9537.220000000001,prev1m_cyclic_unbounded
Fluvius_HP_EV,3,PETROL_FIKS2026,2145.4686045638,1546.2315902282003,572.4704163935999,26.766597942,9537.220000000001,prev1m_cyclic_unbounded
Fluvius_HP_EV,3,PETROL_REDNI,2205.0338040438,1605.7967897082,572.4704163935999,26.766597942,9537.220000000001,prev1m_cyclic_unbounded
Fluvius_HP_EV,4,BISOL_DINAMICNI,1184.5426055407002,844.9836010898,327.45355634090004,12.105448110000001,5760.981,prev1m_cyclic_unbounded
Fluvius_HP_EV,4,BISOL_DINAMICNI_PLUS,1208.4051362156001,844.9836010898,351.3160870158,12.105448110000001,5760.981,prev1m_cyclic_unbounded
Fluvius_HP_EV,4,BISOL_FIKSNI,1313.6912663251,974.1322618742,327.45355634090004,12.105448110000001,5760.981,prev1m_cyclic_unbounded
Fluvius_HP_EV,4,BISOL_FIKSNI99,1204.7540954651,865.1950910141998,327.45355634090004,12.105448110000001,5760.981,prev1m_cyclic_unbounded
Fluvius_HP_EV,4,BISOL_FIKSNI_VEZAVA,1236.3789013050996,896.8198968541994,327.45355634090004,12.105448110000001,5760.981,prev1m_cyclic_unbounded
Fluvius_HP_EV,4,ELEN_DINAMICNA,1173.615240628,826.2972535638,335.21253895419994,12.105448110000001,5760.981,prev1m_cyclic_unbounded
Fluvius_HP_EV,4,ELEN_FIKSNI,1320.4562128861003,987.4850238922002,320.86574088390006,12.105448110000001,5760.981,prev1m_cyclic_unbounded
Fluvius_HP_EV,4,ELEN_ZANESLJIVA,1285.3142287860996,952.3430397921996,320.86574088390006,12.105448110000001,5760.981,prev1m_cyclic_unbounded
Fluvius_HP_EV,4,GENI_AKTIVNI,1241.9092526143,911.7195859322,318.0842185720999,12.105448110000001,5760.981,prev1m_cyclic_unbounded
Fluvius_HP_EV,4,GENI_DINAMICNI,1170.8337186138,826.2972535638,332.43101694,12.105448110000001,5760.981,prev1m_cyclic_unbounded
Fluvius_HP_EV,4,GENI_FIKSNI,1282.5327064742996,952.3430397921996,318.0842185720999,12.105448110000001,5760.981,prev1m_cyclic_unbounded
Fluvius_HP_EV,4,GENI_REDNI,1247.3907223743,917.2010556921999,318.0842185720999,12.105448110000001,5760.981,prev1m_cyclic_unbounded
Fluvius_HP_EV,4,PETROL_AKCIJSKI,1269.2649253493005,924.5820642932003,332.5774129461,12.105448110000001,5760.981,prev1m_cyclic_unbounded
Fluvius_HP_EV,4,PETROL_FIKS2026,1290.3489238693005,945.6660628132006,332.5774129461,12.105448110000001,5760.981,prev1m_cyclic_unbounded
Fluvius_HP_EV,4,PETROL_REDNI,1325.4920999093001,980.8092388532002,332.5774129461,12.105448110000001,5760.981,prev1m_cyclic_unbounded
Fluvius_HP_EV,5,BISOL_DINAMICNI,997.9275629615,746.0100859644,243.11540931710005,8.80206768,4605.7029999999995,prev1m_cyclic_unbounded
Fluvius_HP_EV,5,BISOL_DINAMICNI_PLUS,1021.7900951235001,746.0100859644,266.9779414791001,8.80206768,4605.7029999999995,prev1m_cyclic_unbounded
Fluvius_HP_EV,5,BISOL_FIKSNI,1041.4529076991,789.535430702,243.11540931710005,8.80206768,4605.7029999999995,prev1m_cyclic_unbounded
Fluvius_HP_EV,5,BISOL_FIKSNI99,951.9838734191002,700.066396422,243.11540931710005,8.80206768,4605.7029999999995,prev1m_cyclic_unbounded
Fluvius_HP_EV,5,BISOL_FIKSNI_VEZAVA,979.6443734391001,727.726896442,243.11540931710005,8.80206768,4605.7029999999995,prev1m_cyclic_unbounded
Fluvius_HP_EV,5,ELEN_DINAMICNA,992.9037915394,733.227332505,250.87439135439996,8.80206768,4605.7029999999995,prev1m_cyclic_unbounded
Fluvius_HP_EV,5,ELEN_FIKSNI,1046.4911880160998,801.1615264759998,236.52759386009998,8.80206768,4605.7029999999995,prev1m_cyclic_unbounded
Fluvius_HP_EV,5,ELEN_ZANESLJIVA,1018.3963997161002,773.0667381760002,236.52759386009998,8.80206768,4605.7029999999995,prev1m_cyclic_unbounded
Fluvius_HP_EV,5,GENI_AKTIVNI,1017.0872826282999,774.5391439759999,233.7460709723,8.80206768,4605.7029999999995,prev1m_cyclic_unbounded
Fluvius_HP_EV,5,GENI_DINAMICNI,990.1222689396001,733.227332505,248.0928687546,8.80206768,4605.7029999999995,prev1m_cyclic_unbounded
Fluvius_HP_EV,5,GENI_FIKSNI,1015.6148768283002,773.0667381760002,233.7460709723,8.80206768,4605.7029999999995,prev1m_cyclic_unbounded
Fluvius_HP_EV,5,GENI_REDNI,987.5200885282999,744.9719498759998,233.7460709723,8.80206768,4605.7029999999995,prev1m_cyclic_unbounded
Fluvius_HP_EV,5,PETROL_AKCIJSKI,1006.9631125229002,749.9217791990002,248.23926564389998,8.80206768,4605.7029999999995,prev1m_cyclic_unbounded
Fluvius_HP_EV,5,PETROL_FIKS2026,1024.7700617229,767.7287283989999,248.23926564389998,8.80206768,4605.7029999999995,prev1m_cyclic_unbounded
Fluvius_HP_EV,5,PETROL_REDNI,1051.9147738029,794.8734404790002,248.23926564389998,8.80206768,4605.7029999999995,prev1m_cyclic_unbounded
