Dataset,Household,Option,Paket_ID,Variant,Buyback,Cost_EUR,Energy_EUR,Import_EUR,Export_Credit_EUR,Fixed_EUR,Excess_Power_EUR,Import_kWh,Export_kWh,Register_Overlap_kWh,Agreed_Power,Per_Group
Fluvius_PV,1,BISOL_SAMO_DINAMICNA,BISOL_SAMO_DINAMICNA,-,True,481.8059215529,233.98309181820002,443.34893428820004,209.36584247000002,245.33210150869996,2.4907282260000003,2751.309,3118.4220000000005,110.86800000000001,prev1m_cyclic_unbounded,5
Fluvius_PV,1,GENI_SAMO_AKTIVNI,GENI_SAMO_AKTIVNI,-,True,595.7574001835,357.3039085056,520.6503433056,163.3464348,235.96276345189997,2.4907282260000003,2751.309,3118.4220000000005,110.86800000000001,prev1m_cyclic_unbounded,5
Fluvius_PV,1,GENI_SAMO_DINAMICNI,GENI_SAMO_DINAMICNI,-,True,480.24361239660004,227.44332264840003,439.9587713384,212.51544869,250.3095615222,2.4907282260000003,2751.309,3118.4220000000005,110.86800000000001,prev1m_cyclic_unbounded,5
Fluvius_PV,1,GENI_SAMO_FIKSNI,GENI_SAMO_FIKSNI,-,True,620.3010150834999,381.8475234056,537.4333282056,155.5858048,235.96276345189997,2.4907282260000003,2751.309,3118.4220000000005,110.86800000000001,prev1m_cyclic_unbounded,5
Fluvius_PV,1,GENI_SAMO_REDNI,GENI_SAMO_REDNI,-,True,486.01891860349997,247.5654269256,415.64837272560004,168.08294580000003,235.96276345189997,2.4907282260000003,2751.309,3118.4220000000005,110.86800000000001,prev1m_cyclic_unbounded,5
Fluvius_PV,1,PETROL_SAMOOSKRBA@2T,PETROL_SAMOOSKRBA,2T,True,711.1545519266,458.2078658746,458.2078658746,0.0,250.455957826,2.4907282260000003,2751.309,3118.4220000000005,110.86800000000001,prev1m_cyclic_unbounded,5
Fluvius_PV,1,PETROL_SAMOOSKRBA@1T,PETROL_SAMOOSKRBA,1T,True,719.1118433266,466.1651572746,466.1651572746,0.0,250.455957826,2.4907282260000003,2751.309,3118.4220000000005,110.86800000000001,prev1m_cyclic_unbounded,5
Fluvius_PV,2,BISOL_SAMO_DINAMICNA,BISOL_SAMO_DINAMICNA,-,True,237.48566165420002,88.2212290006,250.8101348306,162.58890583,146.1049550596,3.159477594,1515.08,2647.889,103.885,prev1m_cyclic_unbounded,5
Fluvius_PV,2,GENI_SAMO_AKTIVNI,GENI_SAMO_AKTIVNI,-,True,306.52813754120007,166.63304237800003,284.868328478,118.2352861,136.7356175692,3.159477594,1515.08,2647.889,103.885,prev1m_cyclic_unbounded,5
Fluvius_PV,2,GENI_SAMO_DINAMICNI,GENI_SAMO_DINAMICNI,-,True,237.92187248009998,83.67997953459997,248.9432532546,165.26327372000003,151.0824153515,3.159477594,1515.08,2647.889,103.885,prev1m_cyclic_unbounded,5
Fluvius_PV,2,GENI_SAMO_FIKSNI,GENI_SAMO_FIKSNI,-,True,321.75499554120006,181.85990037800002,294.110316478,112.2504161,136.7356175692,3.159477594,1515.08,2647.889,103.885,prev1m_cyclic_unbounded,5
Fluvius_PV,2,GENI_SAMO_REDNI,GENI_SAMO_REDNI,-,True,226.41837078120003,86.52327561800001,229.244492718,142.7212171,136.7356175692,3.159477594,1515.08,2647.889,103.885,prev1m_cyclic_unbounded,5
Fluvius_PV,2,PETROL_SAMOOSKRBA@2T,PETROL_SAMOOSKRBA,2T,True,407.79711973599996,253.408830198,253.408830198,0.0,151.22881194399994,3.159477594,1515.08,2647.889,103.885,prev1m_cyclic_unbounded,5
Fluvius_PV,2,PETROL_SAMOOSKRBA@1T,PETROL_SAMOOSKRBA,1T,True,411.451166136,257.062876598,257.062876598,0.0,151.22881194399994,3.159477594,1515.08,2647.889,103.885,prev1m_cyclic_unbounded,5
Fluvius_PV,3,BISOL_SAMO_DINAMICNA,BISOL_SAMO_DINAMICNA,-,True,123.27560763739999,9.211988534799985,176.61354441479997,167.40155588,110.2319698126,3.8316492900000005,1072.767,2679.794,48.237,prev1m_cyclic_unbounded,5
Fluvius_PV,3,GENI_SAMO_AKTIVNI,GENI_SAMO_AKTIVNI,-,True,177.3457940371,72.651512397,199.277994997,126.6264826,100.8626323501,3.8316492900000005,1072.767,2679.794,48.237,prev1m_cyclic_unbounded,5
Fluvius_PV,3,GENI_SAMO_DINAMICNI,GENI_SAMO_DINAMICNI,-,True,124.22461279820001,5.183533097400016,175.29168091740002,170.10814782,115.2094304108,3.8316492900000005,1072.767,2679.794,48.237,prev1m_cyclic_unbounded,5
Fluvius_PV,3,GENI_SAMO_FIKSNI,GENI_SAMO_FIKSNI,-,True,190.0009127371,85.30663109700001,205.821873697,120.5152426,100.8626323501,3.8316492900000005,1072.767,2679.794,48.237,prev1m_cyclic_unbounded,5
Fluvius_PV,3,GENI_SAMO_REDNI,GENI_SAMO_REDNI,-,True,122.52367433709998,17.829392696999975,162.270289297,144.44089660000003,100.8626323501,3.8316492900000005,1072.767,2679.794,48.237,prev1m_cyclic_unbounded,5
Fluvius_PV,3,PETROL_SAMOOSKRBA@2T,PETROL_SAMOOSKRBA,2T,True,298.92874250139994,179.74126678399998,179.74126678399998,0.0,115.3558264274,3.8316492900000005,1072.767,2679.794,48.237,prev1m_cyclic_unbounded,5
Fluvius_PV,3,PETROL_SAMOOSKRBA@1T,PETROL_SAMOOSKRBA,1T,True,301.1548399014,181.96736418400002,181.96736418400002,0.0,115.3558264274,3.8316492900000005,1072.767,2679.794,48.237,prev1m_cyclic_unbounded,5
Fluvius_PV,4,BISOL_SAMO_DINAMICNA,BISOL_SAMO_DINAMICNA,-,True,285.26668063700004,134.46552033320003,178.88900633320003,44.423486,147.00816075780003,3.792999546,1040.087,749.259,5.052,prev1m_cyclic_unbounded,5
Fluvius_PV,4,GENI_SAMO_AKTIVNI,GENI_SAMO_AKTIVNI,-,True,299.7183844174,158.28656218,192.53914828,34.2525861,137.6388226914,3.792999546,1040.087,749.259,5.052,prev1m_cyclic_unbounded,5
Fluvius_PV,4,GENI_SAMO_DINAMICNI,GENI_SAMO_DINAMICNI,-,True,288.2057941471,132.42717354180002,177.6074111318,45.18023759,151.9856210593,3.792999546,1040.087,749.259,5.052,prev1m_cyclic_unbounded,5
Fluvius_PV,4,GENI_SAMO_FIKSNI,GENI_SAMO_FIKSNI,-,True,307.83175511739995,166.39993288,198.88367898,32.483746100000005,137.6388226914,3.792999546,1040.087,749.259,5.052,prev1m_cyclic_unbounded,5
Fluvius_PV,4,GENI_SAMO_REDNI,GENI_SAMO_REDNI,-,True,259.3049254574,117.87310321999999,158.25816332,40.385060100000004,137.6388226914,3.792999546,1040.087,749.259,5.052,prev1m_cyclic_unbounded,5
Fluvius_PV,4,PETROL_SAMOOSKRBA@2T,PETROL_SAMOOSKRBA,2T,True,332.84068823599995,176.91567132699998,176.91567132699998,0.0,152.132017363,3.792999546,1040.087,749.259,5.052,prev1m_cyclic_unbounded,5
Fluvius_PV,4,PETROL_SAMOOSKRBA@1T,PETROL_SAMOOSKRBA,1T,True,333.280217636,177.355200727,177.355200727,0.0,152.132017363,3.792999546,1040.087,749.259,5.052,prev1m_cyclic_unbounded,5
Fluvius_PV,5,BISOL_SAMO_DINAMICNA,BISOL_SAMO_DINAMICNA,-,True,223.32477443370004,77.4119766478,232.7312967478,155.3193201,137.90144583590003,8.01135195,1394.1480000000001,2863.755,3.454,prev1m_cyclic_unbounded,5
Fluvius_PV,5,GENI_SAMO_AKTIVNI,GENI_SAMO_AKTIVNI,-,True,291.3745392829,154.83107809380004,262.73449359380004,107.9034155,128.53210923909998,8.01135195,1394.1480000000001,2863.755,3.454,prev1m_cyclic_unbounded,5
Fluvius_PV,5,GENI_SAMO_DINAMICNI,GENI_SAMO_DINAMICNI,-,True,223.6919741916,72.80171493219999,231.0134275822,158.21171265,142.8789073094,8.01135195,1394.1480000000001,2863.755,3.454,prev1m_cyclic_unbounded,5
Fluvius_PV,5,GENI_SAMO_FIKSNI,GENI_SAMO_FIKSNI,-,True,305.5743270828999,169.03086589379993,271.23879639379993,102.2079305,128.53210923909998,8.01135195,1394.1480000000001,2863.755,3.454,prev1m_cyclic_unbounded,5
Fluvius_PV,5,GENI_SAMO_REDNI,GENI_SAMO_REDNI,-,True,193.63323486290003,57.08977367380004,211.44616817380006,154.35639450000002,128.53210923909998,8.01135195,1394.1480000000001,2863.755,3.454,prev1m_cyclic_unbounded,5
Fluvius_PV,5,PETROL_SAMOOSKRBA@2T,PETROL_SAMOOSKRBA,2T,True,383.56984867129995,232.53319400179993,232.53319400179993,0.0,143.02530271950002,8.01135195,1394.1480000000001,2863.755,3.454,prev1m_cyclic_unbounded,5
Fluvius_PV,5,PETROL_SAMOOSKRBA@1T,PETROL_SAMOOSKRBA,1T,True,388.0807742713,237.0441196018,237.0441196018,0.0,143.02530271950002,8.01135195,1394.1480000000001,2863.755,3.454,prev1m_cyclic_unbounded,5
Fluvius_PV_EV,1,BISOL_SAMO_DINAMICNA,BISOL_SAMO_DINAMICNA,-,True,973.5321323297998,537.8674907665999,695.9026253965999,158.03513463000002,416.55911901519994,19.105522548,4547.273,3448.9449999999997,134.52100000000002,prev1m_cyclic_unbounded,5
Fluvius_PV_EV,1,GENI_SAMO_AKTIVNI,GENI_SAMO_AKTIVNI,-,True,1136.4585297734002,710.1632262574001,792.7659767574,82.6027505,407.1897809680001,19.105522548,4547.273,3448.9449999999997,134.52100000000002,prev1m_cyclic_unbounded,5
Fluvius_PV_EV,1,GENI_SAMO_DINAMICNI,GENI_SAMO_DINAMICNI,-,True,969.4230081122998,528.780906526,690.299475606,161.51856908,421.5365790383,19.105522548,4547.273,3448.9449999999997,134.52100000000002,prev1m_cyclic_unbounded,5
Fluvius_PV_EV,1,GENI_SAMO_FIKSNI,GENI_SAMO_FIKSNI,-,True,1168.6508950734,742.3555915574,820.5043420574,78.1487505,407.1897809680001,19.105522548,4547.273,3448.9449999999997,134.52100000000002,prev1m_cyclic_unbounded,5
Fluvius_PV_EV,1,GENI_SAMO_REDNI,GENI_SAMO_REDNI,-,True,928.4156198334001,502.12031631740007,688.0184518174001,185.89813550000002,407.1897809680001,19.105522548,4547.273,3448.9449999999997,134.52100000000002,prev1m_cyclic_unbounded,5
Fluvius_PV_EV,1,PETROL_SAMOOSKRBA@2T,PETROL_SAMOOSKRBA,2T,True,1201.0631435628,760.2746459704,760.2746459704,0.0,421.6829750444,19.105522548,4547.273,3448.9449999999997,134.52100000000002,prev1m_cyclic_unbounded,5
Fluvius_PV_EV,1,PETROL_SAMOOSKRBA@1T,PETROL_SAMOOSKRBA,1T,True,1212.2994289628,771.5109313704002,771.5109313704002,0.0,421.6829750444,19.105522548,4547.273,3448.9449999999997,134.52100000000002,prev1m_cyclic_unbounded,5
Fluvius_PV_EV,2,BISOL_SAMO_DINAMICNA,BISOL_SAMO_DINAMICNA,-,True,544.7817571638,346.89710295360004,389.63032808360003,42.733225129999994,192.5293655442,5.355288666000001,2405.554,618.4780000000001,8.135,prev1m_cyclic_unbounded,5
Fluvius_PV_EV,2,GENI_SAMO_AKTIVNI,GENI_SAMO_AKTIVNI,-,True,584.7938899704,396.27857323219996,434.26371043219996,37.9851372,183.1600280722,5.355288666000001,2405.554,618.4780000000001,8.135,prev1m_cyclic_unbounded,5
Fluvius_PV_EV,2,GENI_SAMO_DINAMICNI,GENI_SAMO_DINAMICNI,-,True,546.1704313529,343.30831653480004,386.66620444480003,43.35788791,197.5068261521,5.355288666000001,2405.554,618.4780000000001,8.135,prev1m_cyclic_unbounded,5
Fluvius_PV_EV,2,GENI_SAMO_FIKSNI,GENI_SAMO_FIKSNI,-,True,601.2304093703999,412.71509263219997,448.9375898322,36.22249720000001,183.1600280722,5.355288666000001,2405.554,618.4780000000001,8.135,prev1m_cyclic_unbounded,5
Fluvius_PV_EV,2,GENI_SAMO_REDNI,GENI_SAMO_REDNI,-,True,519.8486119304,331.33329519220007,364.66925939220005,33.3359642,183.1600280722,5.355288666000001,2405.554,618.4780000000001,8.135,prev1m_cyclic_unbounded,5
Fluvius_PV_EV,2,PETROL_SAMOOSKRBA@2T,PETROL_SAMOOSKRBA,2T,True,610.1915346991999,407.18302358619997,407.18302358619997,0.0,197.653222447,5.355288666000001,2405.554,618.4780000000001,8.135,prev1m_cyclic_unbounded,5
Fluvius_PV_EV,2,PETROL_SAMOOSKRBA@1T,PETROL_SAMOOSKRBA,1T,True,611.8461474992,408.8376363862001,408.8376363862001,0.0,197.653222447,5.355288666000001,2405.554,618.4780000000001,8.135,prev1m_cyclic_unbounded,5
Fluvius_PV_EV,3,BISOL_SAMO_DINAMICNA,BISOL_SAMO_DINAMICNA,-,True,1081.5465911393999,590.2274896824,717.3786128324,127.15112314999999,454.554144123,36.76495733400001,4811.148,2591.288,76.741,prev1m_cyclic_unbounded,5
Fluvius_PV_EV,3,GENI_SAMO_AKTIVNI,GENI_SAMO_AKTIVNI,-,True,1226.4300608144,744.4802971262,825.7324703262,81.2521732,445.1848063542001,36.76495733400001,4811.148,2591.288,76.741,prev1m_cyclic_unbounded,5
Fluvius_PV_EV,3,GENI_SAMO_DINAMICNI,GENI_SAMO_DINAMICNI,-,True,1077.9785540056998,581.6819922367999,711.4503162668,129.76832403,459.5316044349,36.76495733400001,4811.148,2591.288,76.741,prev1m_cyclic_unbounded,5
Fluvius_PV_EV,3,GENI_SAMO_FIKSNI,GENI_SAMO_FIKSNI,-,True,1260.1298736144,778.1801099262,855.0804731262,76.90036319999999,445.1848063542001,36.76495733400001,4811.148,2591.288,76.741,prev1m_cyclic_unbounded,5
Fluvius_PV_EV,3,GENI_SAMO_REDNI,GENI_SAMO_REDNI,-,True,1069.0838017744,587.1340380862,726.8044612862,139.67042320000002,445.1848063542001,36.76495733400001,4811.148,2591.288,76.741,prev1m_cyclic_unbounded,5
Fluvius_PV_EV,3,PETROL_SAMOOSKRBA@2T,PETROL_SAMOOSKRBA,2T,True,1299.1935385764,802.7505805142,802.7505805142,0.0,459.6780007281999,36.76495733400001,4811.148,2591.288,76.741,prev1m_cyclic_unbounded,5
Fluvius_PV_EV,3,PETROL_SAMOOSKRBA@1T,PETROL_SAMOOSKRBA,1T,True,1311.5849077764,815.1419497142001,815.1419497142001,0.0,459.6780007281999,36.76495733400001,4811.148,2591.288,76.741,prev1m_cyclic_unbounded,5
Fluvius_PV_EV,4,BISOL_SAMO_DINAMICNA,BISOL_SAMO_DINAMICNA,-,True,481.8770214692,300.08958576879996,424.0659018788,123.97631611000001,177.2346010924,4.552834608,2574.998,1997.621,86.916,prev1m_cyclic_unbounded,5
Fluvius_PV_EV,4,GENI_SAMO_AKTIVNI,GENI_SAMO_AKTIVNI,-,True,562.6849419624001,390.26684431880005,484.2346512188001,93.9678069,167.8652630356,4.552834608,2574.998,1997.621,86.916,prev1m_cyclic_unbounded,5
Fluvius_PV_EV,4,GENI_SAMO_DINAMICNI,GENI_SAMO_DINAMICNI,-,True,481.6639720346001,294.89907602320005,420.89298934320004,125.99391331999999,182.21206140339999,4.552834608,2574.998,1997.621,86.916,prev1m_cyclic_unbounded,5
Fluvius_PV_EV,4,GENI_SAMO_FIKSNI,GENI_SAMO_FIKSNI,-,True,583.1310997624,410.71300211880003,499.94213901880005,89.22913690000001,167.8652630356,4.552834608,2574.998,1997.621,86.916,prev1m_cyclic_unbounded,5
Fluvius_PV_EV,4,GENI_SAMO_REDNI,GENI_SAMO_REDNI,-,True,454.07291306239995,281.65481541879996,389.32658731879997,107.67177190000001,167.8652630356,4.552834608,2574.998,1997.621,86.916,prev1m_cyclic_unbounded,5
Fluvius_PV_EV,4,PETROL_SAMOOSKRBA@2T,PETROL_SAMOOSKRBA,2T,True,618.9247761176,432.01348439680004,432.01348439680004,0.0,182.3584571128,4.552834608,2574.998,1997.621,86.916,prev1m_cyclic_unbounded,5
Fluvius_PV_EV,4,PETROL_SAMOOSKRBA@1T,PETROL_SAMOOSKRBA,1T,True,623.5174173176001,436.6061255968001,436.6061255968001,0.0,182.3584571128,4.552834608,2574.998,1997.621,86.916,prev1m_cyclic_unbounded,5
Fluvius_PV_EV,5,BISOL_SAMO_DINAMICNA,BISOL_SAMO_DINAMICNA,-,True,721.0391768189,464.3791317526001,631.2438707726001,166.86473902,248.99192551629997,7.668119549999999,3939.115,2691.794,52.397,prev1m_cyclic_unbounded,5
Fluvius_PV_EV,5,GENI_SAMO_AKTIVNI,GENI_SAMO_AKTIVNI,-,True,806.3376095509001,559.0469028198,697.9794894198001,138.9325866,239.6225871811,7.668119549999999,3939.115,2691.794,52.397,prev1m_cyclic_unbounded,5
Fluvius_PV_EV,5,GENI_SAMO_DINAMICNI,GENI_SAMO_DINAMICNI,-,True,718.4441473894001,456.8066423096,626.3900932696,169.58345096,253.9693855298,7.668119549999999,3939.115,2691.794,52.397,prev1m_cyclic_unbounded,5
Fluvius_PV_EV,5,GENI_SAMO_FIKSNI,GENI_SAMO_FIKSNI,-,True,836.9124410508999,589.6217343197999,722.0080909197999,132.3863566,239.6225871811,7.668119549999999,3939.115,2691.794,52.397,prev1m_cyclic_unbounded,5
Fluvius_PV_EV,5,GENI_SAMO_REDNI,GENI_SAMO_REDNI,-,True,698.7537833109,451.4630765798,596.5507731798,145.08769660000002,239.6225871811,7.668119549999999,3939.115,2691.794,52.397,prev1m_cyclic_unbounded,5
Fluvius_PV_EV,5,PETROL_SAMOOSKRBA@2T,PETROL_SAMOOSKRBA,2T,True,925.1803905999,663.3964894948,663.3964894948,0.0,254.11578155509994,7.668119549999999,3939.115,2691.794,52.397,prev1m_cyclic_unbounded,5
Fluvius_PV_EV,5,PETROL_SAMOOSKRBA@1T,PETROL_SAMOOSKRBA,1T,True,930.6607647999001,668.8768636948001,668.8768636948001,0.0,254.11578155509994,7.668119549999999,3939.115,2691.794,52.397,prev1m_cyclic_unbounded,5
Fluvius_PV_HP,1,BISOL_SAMO_DINAMICNA,BISOL_SAMO_DINAMICNA,-,True,925.145583806,698.3099995188,813.5910648888,115.28106537000001,212.27727775519998,14.558306531999998,4908.149,1916.863,121.75399999999999,prev1m_cyclic_unbounded,5
Fluvius_PV_HP,1,GENI_SAMO_AKTIVNI,GENI_SAMO_AKTIVNI,-,True,1016.9859259153,799.5196793874001,891.6957480874,92.17606869999999,202.9079399959,14.558306531999998,4908.149,1916.863,121.75399999999999,prev1m_cyclic_unbounded,5
Fluvius_PV_HP,1,GENI_SAMO_DINAMICNI,GENI_SAMO_DINAMICNI,-,True,922.139192182,690.3261466910001,807.543243691,117.217097,217.254738959,14.558306531999998,4908.149,1916.863,121.75399999999999,prev1m_cyclic_unbounded,5
Fluvius_PV_HP,1,GENI_SAMO_FIKSNI,GENI_SAMO_FIKSNI,-,True,1051.4754998153,834.0092532874,921.6354569874001,87.62620369999999,202.9079399959,14.558306531999998,4908.149,1916.863,121.75399999999999,prev1m_cyclic_unbounded,5
Fluvius_PV_HP,1,GENI_SAMO_REDNI,GENI_SAMO_REDNI,-,True,857.1189715952999,639.6527250674,742.9716407674,103.31891570000002,202.9079399959,14.558306531999998,4908.149,1916.863,121.75399999999999,prev1m_cyclic_unbounded,5
Fluvius_PV_HP,1,PETROL_SAMOOSKRBA@2T,PETROL_SAMOOSKRBA,2T,True,1060.3954149608,828.4359743564,828.4359743564,0.0,217.4011340724,14.558306531999998,4908.149,1916.863,121.75399999999999,prev1m_cyclic_unbounded,5
Fluvius_PV_HP,1,PETROL_SAMOOSKRBA@1T,PETROL_SAMOOSKRBA,1T,True,1065.0496051608002,833.0901645564002,833.0901645564002,0.0,217.4011340724,14.558306531999998,4908.149,1916.863,121.75399999999999,prev1m_cyclic_unbounded,5
Fluvius_PV_HP,2,BISOL_SAMO_DINAMICNA,BISOL_SAMO_DINAMICNA,-,True,853.6557491345002,660.9415821720002,744.7425139920001,83.80093182,181.6825091225,11.03165784,4672.256,1610.4720000000002,98.828,prev1m_cyclic_unbounded,5
Fluvius_PV_HP,2,GENI_SAMO_AKTIVNI,GENI_SAMO_AKTIVNI,-,True,971.4964687567,788.1516386894,841.7800264894,53.6283878,172.31317222730002,11.03165784,4672.256,1610.4720000000002,98.828,prev1m_cyclic_unbounded,5
Fluvius_PV_HP,2,GENI_SAMO_DINAMICNI,GENI_SAMO_DINAMICNI,-,True,851.249479756,653.5578516088001,738.9853601488,85.42750853999999,186.6599703072,11.03165784,4672.256,1610.4720000000002,98.828,prev1m_cyclic_unbounded,5
Fluvius_PV_HP,2,GENI_SAMO_FIKSNI,GENI_SAMO_FIKSNI,-,True,1002.9188653566999,819.5740352894,870.2807880894,50.706752800000004,172.31317222730002,11.03165784,4672.256,1610.4720000000002,98.828,prev1m_cyclic_unbounded,5
Fluvius_PV_HP,2,GENI_SAMO_REDNI,GENI_SAMO_REDNI,-,True,802.6072558567,619.2624257894,706.0668665894,86.8044408,172.31317222730002,11.03165784,4672.256,1610.4720000000002,98.828,prev1m_cyclic_unbounded,5
Fluvius_PV_HP,2,PETROL_SAMOOSKRBA@2T,PETROL_SAMOOSKRBA,2T,True,979.223826154,781.3858026054,781.3858026054,0.0,186.8063657086,11.03165784,4672.256,1610.4720000000002,98.828,prev1m_cyclic_unbounded,5
Fluvius_PV_HP,2,PETROL_SAMOOSKRBA@1T,PETROL_SAMOOSKRBA,1T,True,989.6921825539999,791.8541590054,791.8541590054,0.0,186.8063657086,11.03165784,4672.256,1610.4720000000002,98.828,prev1m_cyclic_unbounded,5
Fluvius_PV_HP,3,BISOL_SAMO_DINAMICNA,BISOL_SAMO_DINAMICNA,-,True,1021.3627710104,787.3318141988,830.5805323488,43.24871815,228.07860227760003,5.952354534000001,5289.141,970.8029999999999,43.571,prev1m_cyclic_unbounded,5
Fluvius_PV_HP,3,GENI_SAMO_AKTIVNI,GENI_SAMO_AKTIVNI,-,True,1166.2919018728,941.63028283,985.27973053,43.649447699999996,218.7092645088,5.952354534000001,5289.141,970.8029999999999,43.571,prev1m_cyclic_unbounded,5
Fluvius_PV_HP,3,GENI_SAMO_DINAMICNI,GENI_SAMO_DINAMICNI,-,True,1018.8424413369002,779.8340236286001,824.0632528086,44.22922918,233.05606317430002,5.952354534000001,5289.141,970.8029999999999,43.571,prev1m_cyclic_unbounded,5
Fluvius_PV_HP,3,GENI_SAMO_FIKSNI,GENI_SAMO_FIKSNI,-,True,1200.6926069728001,976.03098793,1017.5434906300001,41.5125027,218.7092645088,5.952354534000001,5289.141,970.8029999999999,43.571,prev1m_cyclic_unbounded,5
Fluvius_PV_HP,3,GENI_SAMO_REDNI,GENI_SAMO_REDNI,-,True,971.1364416128001,746.47482257,798.80110427,52.32628170000001,218.7092645088,5.952354534000001,5289.141,970.8029999999999,43.571,prev1m_cyclic_unbounded,5
Fluvius_PV_HP,3,PETROL_SAMOOSKRBA@2T,PETROL_SAMOOSKRBA,2T,True,1116.7970049878,877.642191571,877.642191571,0.0,233.20245888279996,5.952354534000001,5289.141,970.8029999999999,43.571,prev1m_cyclic_unbounded,5
Fluvius_PV_HP,3,PETROL_SAMOOSKRBA@1T,PETROL_SAMOOSKRBA,1T,True,1135.0698355878,895.9150221710001,895.9150221710001,0.0,233.20245888279996,5.952354534000001,5289.141,970.8029999999999,43.571,prev1m_cyclic_unbounded,5
Fluvius_PV_HP,4,BISOL_SAMO_DINAMICNA,BISOL_SAMO_DINAMICNA,-,True,803.6841677751999,451.9427563993999,512.4799389993999,60.53718260000001,344.9638951898,6.777516186,3241.413,489.476,28.589,prev1m_cyclic_unbounded,5
Fluvius_PV_HP,4,GENI_SAMO_AKTIVNI,GENI_SAMO_AKTIVNI,-,True,815.0938951943999,472.7218224514,528.8051818514,56.0833594,335.594556557,6.777516186,3241.413,489.476,28.589,prev1m_cyclic_unbounded,5
Fluvius_PV_HP,4,GENI_SAMO_DINAMICNI,GENI_SAMO_DINAMICNI,-,True,804.1731873540999,447.45431654080005,508.4858699008,61.03155336,349.9413546272999,6.777516186,3241.413,489.476,28.589,prev1m_cyclic_unbounded,5
Fluvius_PV_HP,4,GENI_SAMO_FIKSNI,GENI_SAMO_FIKSNI,-,True,837.1647144943997,494.79264175139986,548.5778011513999,53.7851594,335.594556557,6.777516186,3241.413,489.476,28.589,prev1m_cyclic_unbounded,5
Fluvius_PV_HP,4,GENI_SAMO_REDNI,GENI_SAMO_REDNI,-,True,808.8446178944,466.4725451514001,492.8553015514001,26.3827564,335.594556557,6.777516186,3241.413,489.476,28.589,prev1m_cyclic_unbounded,5
Fluvius_PV_HP,4,PETROL_SAMOOSKRBA@2T,PETROL_SAMOOSKRBA,2T,True,915.6372124589999,558.7719450443999,558.7719450443999,0.0,350.08775122860004,6.777516186,3241.413,489.476,28.589,prev1m_cyclic_unbounded,5
Fluvius_PV_HP,4,PETROL_SAMOOSKRBA@1T,PETROL_SAMOOSKRBA,1T,True,909.2361530590001,552.3708856444001,552.3708856444001,0.0,350.08775122860004,6.777516186,3241.413,489.476,28.589,prev1m_cyclic_unbounded,5
Fluvius_PV_HP,5,BISOL_SAMO_DINAMICNA,BISOL_SAMO_DINAMICNA,-,True,511.8269561142001,314.948373888,483.438317398,168.48994351,192.02262677220003,4.855955454,2830.623,3140.727,84.482,prev1m_cyclic_unbounded,5
Fluvius_PV_HP,5,GENI_SAMO_AKTIVNI,GENI_SAMO_AKTIVNI,-,True,599.9374146875999,412.4281699518,529.5383662518,117.11019630000001,182.6532892818,4.855955454,2830.623,3140.727,84.482,prev1m_cyclic_unbounded,5
Fluvius_PV_HP,5,GENI_SAMO_DINAMICNI,GENI_SAMO_DINAMICNI,-,True,510.1443890611,308.2883459574,479.9504237374,171.66207778,197.0000876497,4.855955454,2830.623,3140.727,84.482,prev1m_cyclic_unbounded,5
Fluvius_PV_HP,5,GENI_SAMO_FIKSNI,GENI_SAMO_FIKSNI,-,True,623.3545149876,435.8452702518001,546.8051665518001,110.9598963,182.6532892818,4.855955454,2830.623,3140.727,84.482,prev1m_cyclic_unbounded,5
Fluvius_PV_HP,5,GENI_SAMO_REDNI,GENI_SAMO_REDNI,-,True,448.1784153276,260.66917059179997,429.9543558918,169.28518530000002,182.6532892818,4.855955454,2830.623,3140.727,84.482,prev1m_cyclic_unbounded,5
Fluvius_PV_HP,5,PETROL_SAMOOSKRBA@2T,PETROL_SAMOOSKRBA,2T,True,682.4860552022,480.4836157948,480.4836157948,0.0,197.14648395339998,4.855955454,2830.623,3140.727,84.482,prev1m_cyclic_unbounded,5
Fluvius_PV_HP,5,PETROL_SAMOOSKRBA@1T,PETROL_SAMOOSKRBA,1T,True,683.9298642022,481.9274247948,481.9274247948,0.0,197.14648395339998,4.855955454,2830.623,3140.727,84.482,prev1m_cyclic_unbounded,5
Fluvius_PV_HP_EV,1,BISOL_SAMO_DINAMICNA,BISOL_SAMO_DINAMICNA,-,True,746.4105033133,468.9046280131999,622.5725575731999,153.66792956,271.5307091381,5.975166162000001,3864.308,2342.92,168.426,prev1m_cyclic_unbounded,5
Fluvius_PV_HP_EV,1,GENI_SAMO_AKTIVNI,GENI_SAMO_AKTIVNI,-,True,804.8970320519002,536.7604930326,664.6947860326001,127.934293,262.1613728573001,5.975166162000001,3864.308,2342.92,168.426,prev1m_cyclic_unbounded,5
Fluvius_PV_HP_EV,1,GENI_SAMO_DINAMICNI,GENI_SAMO_DINAMICNI,-,True,744.2600155852001,461.7766784956,617.8109572556,156.03427876,276.5081709276,5.975166162000001,3864.308,2342.92,168.426,prev1m_cyclic_unbounded,5
Fluvius_PV_HP_EV,1,GENI_SAMO_FIKSNI,GENI_SAMO_FIKSNI,-,True,834.4956608519001,566.3591218326,688.2670648326,121.907943,262.1613728573001,5.975166162000001,3864.308,2342.92,168.426,prev1m_cyclic_unbounded,5
Fluvius_PV_HP_EV,1,GENI_SAMO_REDNI,GENI_SAMO_REDNI,-,True,729.6360797319,461.4995407126,587.7829287126,126.28338800000002,262.1613728573001,5.975166162000001,3864.308,2342.92,168.426,prev1m_cyclic_unbounded,5
Fluvius_PV_HP_EV,1,PETROL_SAMOOSKRBA@2T,PETROL_SAMOOSKRBA,2T,True,942.7213233035,660.0915911006,660.0915911006,0.0,276.65456604089997,5.975166162000001,3864.308,2342.92,168.426,prev1m_cyclic_unbounded,5
Fluvius_PV_HP_EV,1,PETROL_SAMOOSKRBA@1T,PETROL_SAMOOSKRBA,1T,True,941.3652201035002,658.7354879006001,658.7354879006001,0.0,276.65456604089997,5.975166162000001,3864.308,2342.92,168.426,prev1m_cyclic_unbounded,5
Fluvius_PV_HP_EV,2,BISOL_SAMO_DINAMICNA,BISOL_SAMO_DINAMICNA,-,True,1107.6473825656,809.4782199580001,1086.867349818,277.38912986,283.3406405916,14.828522015999999,6873.679,4170.841,83.00399999999999,prev1m_cyclic_unbounded,5
Fluvius_PV_HP_EV,2,GENI_SAMO_AKTIVNI,GENI_SAMO_AKTIVNI,-,True,1332.625302336,1043.825476902,1245.608646802,201.78316990000002,273.97130341799993,14.828522015999999,6873.679,4170.841,83.00399999999999,prev1m_cyclic_unbounded,5
Fluvius_PV_HP_EV,2,GENI_SAMO_DINAMICNI,GENI_SAMO_DINAMICNI,-,True,1099.9425467885003,796.7959232842002,1078.3976025542001,281.60167927,288.31810148830004,14.828522015999999,6873.679,4170.841,83.00399999999999,prev1m_cyclic_unbounded,5
Fluvius_PV_HP_EV,2,GENI_SAMO_FIKSNI,GENI_SAMO_FIKSNI,-,True,1384.196639236,1095.396813802,1287.538088702,192.14127489999998,273.97130341799993,14.828522015999999,6873.679,4170.841,83.00399999999999,prev1m_cyclic_unbounded,5
Fluvius_PV_HP_EV,2,GENI_SAMO_REDNI,GENI_SAMO_REDNI,-,True,1103.791877556,814.9920521219999,1039.800382022,224.8083299,273.97130341799993,14.828522015999999,6873.679,4170.841,83.00399999999999,prev1m_cyclic_unbounded,5
Fluvius_PV_HP_EV,2,PETROL_SAMOOSKRBA@2T,PETROL_SAMOOSKRBA,2T,True,1442.2884770514004,1138.9954575410002,1138.9954575410002,0.0,288.46449749440006,14.828522015999999,6873.679,4170.841,83.00399999999999,prev1m_cyclic_unbounded,5
Fluvius_PV_HP_EV,2,PETROL_SAMOOSKRBA@1T,PETROL_SAMOOSKRBA,1T,True,1469.3010216514,1166.008002141,1166.008002141,0.0,288.46449749440006,14.828522015999999,6873.679,4170.841,83.00399999999999,prev1m_cyclic_unbounded,5
Fluvius_PV_HP_EV,3,BISOL_SAMO_DINAMICNA,BISOL_SAMO_DINAMICNA,-,True,1517.5013932161999,962.3780329798,1172.8023157798,210.42428280000001,545.7848318064,9.33852843,7470.411,3182.571,73.477,prev1m_cyclic_unbounded,5
Fluvius_PV_HP_EV,3,GENI_SAMO_AKTIVNI,GENI_SAMO_AKTIVNI,-,True,1784.8302595896,1239.076237986,1399.840829886,160.7645919,536.4154931735999,9.33852843,7470.411,3182.571,73.477,prev1m_cyclic_unbounded,5
Fluvius_PV_HP_EV,3,GENI_SAMO_DINAMICNI,GENI_SAMO_DINAMICNI,-,True,1510.0594169966,949.9585958355999,1163.5972753455999,213.63867951000003,550.7622927310001,9.33852843,7470.411,3182.571,73.477,prev1m_cyclic_unbounded,5
Fluvius_PV_HP_EV,3,GENI_SAMO_FIKSNI,GENI_SAMO_FIKSNI,-,True,1837.9814866896002,1292.2274650860002,1445.4103369860002,153.1828719,536.4154931735999,9.33852843,7470.411,3182.571,73.477,prev1m_cyclic_unbounded,5
Fluvius_PV_HP_EV,3,GENI_SAMO_REDNI,GENI_SAMO_REDNI,-,True,1502.3471290895998,956.5931074859999,1128.133684386,171.54057690000002,536.4154931735999,9.33852843,7470.411,3182.571,73.477,prev1m_cyclic_unbounded,5
Fluvius_PV_HP_EV,3,PETROL_SAMOOSKRBA@2T,PETROL_SAMOOSKRBA,2T,True,1796.6859069338002,1236.438690957,1236.438690957,0.0,550.9086875468001,9.33852843,7470.411,3182.571,73.477,prev1m_cyclic_unbounded,5
Fluvius_PV_HP_EV,3,PETROL_SAMOOSKRBA@1T,PETROL_SAMOOSKRBA,1T,True,1825.5451167338003,1265.2979007570002,1265.2979007570002,0.0,550.9086875468001,9.33852843,7470.411,3182.571,73.477,prev1m_cyclic_unbounded,5
Fluvius_PV_HP_EV,4,BISOL_SAMO_DINAMICNA,BISOL_SAMO_DINAMICNA,-,True,1594.7738335443,1255.014967183,1310.914644793,55.89967761,333.2177082833,6.5411580780000005,8271.617,516.9150000000001,28.629,prev1m_cyclic_unbounded,5
Fluvius_PV_HP_EV,4,GENI_SAMO_AKTIVNI,GENI_SAMO_AKTIVNI,-,True,1733.1495362867004,1402.7600079734002,1456.3995164734001,53.639508500000005,323.8483702353,6.5411580780000005,8271.617,516.9150000000001,28.629,prev1m_cyclic_unbounded,5
Fluvius_PV_HP_EV,4,GENI_SAMO_DINAMICNI,GENI_SAMO_DINAMICNI,-,True,1589.0369235452001,1244.3005965656,1300.7223583256,56.421761759999995,338.1951689016,6.5411580780000005,8271.617,516.9150000000001,28.629,prev1m_cyclic_unbounded,5
Fluvius_PV_HP_EV,4,GENI_SAMO_FIKSNI,GENI_SAMO_FIKSNI,-,True,1785.9261999867,1455.5366716734,1506.8563801733999,51.319708500000004,323.8483702353,6.5411580780000005,8271.617,516.9150000000001,28.629,prev1m_cyclic_unbounded,5
Fluvius_PV_HP_EV,4,GENI_SAMO_REDNI,GENI_SAMO_REDNI,-,True,1555.6898272067,1225.3002988934,1253.1620173934,27.861718500000002,323.8483702353,6.5411580780000005,8271.617,516.9150000000001,28.629,prev1m_cyclic_unbounded,5
Fluvius_PV_HP_EV,4,PETROL_SAMOOSKRBA@2T,PETROL_SAMOOSKRBA,2T,True,1742.7459457210002,1397.8632233304002,1397.8632233304002,0.0,338.3415643126,6.5411580780000005,8271.617,516.9150000000001,28.629,prev1m_cyclic_unbounded,5
Fluvius_PV_HP_EV,4,PETROL_SAMOOSKRBA@1T,PETROL_SAMOOSKRBA,1T,True,1749.919899521,1405.0371771303999,1405.0371771303999,0.0,338.3415643126,6.5411580780000005,8271.617,516.9150000000001,28.629,prev1m_cyclic_unbounded,5
Fluvius_PV_HP_EV,5,BISOL_SAMO_DINAMICNA,BISOL_SAMO_DINAMICNA,-,True,1578.6671466857001,1213.7352266604,1394.8214314904,181.08620482999999,355.0675774673,9.864342558,9356.673,2541.6440000000002,113.427,prev1m_cyclic_unbounded,5
Fluvius_PV_HP_EV,5,GENI_SAMO_AKTIVNI,GENI_SAMO_AKTIVNI,-,True,1924.6755652275,1569.1129832686,1716.1653448686,147.05236159999998,345.69823940090004,9.864342558,9356.673,2541.6440000000002,113.427,prev1m_cyclic_unbounded,5
Fluvius_PV_HP_EV,5,GENI_SAMO_DINAMICNI,GENI_SAMO_DINAMICNI,-,True,1569.5482549701999,1199.6388737497998,1383.2921390197998,183.65326527,360.0450386624,9.864342558,9356.673,2541.6440000000002,113.427,prev1m_cyclic_unbounded,5
Fluvius_PV_HP_EV,5,GENI_SAMO_FIKSNI,GENI_SAMO_FIKSNI,-,True,1988.6617255275,1633.0991435685999,1773.2410501686,140.1419066,345.69823940090004,9.864342558,9356.673,2541.6440000000002,113.427,prev1m_cyclic_unbounded,5
Fluvius_PV_HP_EV,5,GENI_SAMO_REDNI,GENI_SAMO_REDNI,-,True,1631.0142115275,1275.4516295685999,1412.4462411686,136.99461159999998,345.69823940090004,9.864342558,9356.673,2541.6440000000002,113.427,prev1m_cyclic_unbounded,5
Fluvius_PV_HP_EV,5,PETROL_SAMOOSKRBA@2T,PETROL_SAMOOSKRBA,2T,True,1914.8823617521,1544.8265851216,1544.8265851216,0.0,360.1914340725,9.864342558,9356.673,2541.6440000000002,113.427,prev1m_cyclic_unbounded,5
Fluvius_PV_HP_EV,5,PETROL_SAMOOSKRBA@1T,PETROL_SAMOOSKRBA,1T,True,1954.2998907521,1584.2441141216,1584.2441141216,0.0,360.1914340725,9.864342558,9356.673,2541.6440000000002,113.427,prev1m_cyclic_unbounded,5
