user_id,cluster_id,no_battery_cost,milp_cost,basic_dqn_cost,basic_dqn_reward,basic_dqn_improvement_pct,basic_milp_improvement_pct,basic_dqn_gap_vs_milp_pct,basic_dqn_fraction_theoretical_pct,extended_dqn_cost,extended_dqn_reward,extended_dqn_improvement_pct,extended_dqn_gap_vs_milp_pct,extended_dqn_fraction_theoretical_pct
138,0,1505.524604850612,1054.548207188979,1328.0247193699388,-559.3496601628742,11.789902663084396,29.954767674247464,25.93304984225836,39.359018875717545,1336.934833314848,-397.9184813784377,11.198074810108634,26.77797223501081,37.38328045767411
138,0,1505.524604850612,1054.548207188979,1407.7351476030074,-1094.1686778085625,6.495374232512652,29.954767674247464,33.49177761683265,21.683941278225355,1335.2124668219253,-393.8420023203751,11.312477888435845,26.61464480425126,37.7651998889023
127,1,1195.0393813865135,923.9415586725248,1188.7592409065123,-301.80873612318624,0.5255174497023494,22.685262673055544,28.661735122561748,2.3165588041726024,1053.7440934291533,-217.9242689498126,11.823483824727683,14.0487819319571,52.1196690341657
127,1,1195.0393813865135,923.9415586725248,1163.981399679223,-287.32258535612385,2.598908637743496,22.685262673055544,25.97998095805712,11.456374454197322,1011.6816978721723,-191.1352717266872,15.343233567885031,9.496286683511492,67.63524755703612
65,2,1367.0340510255007,986.1581627366321,1294.7917679799205,-368.0790655440623,5.284600115950782,27.86147777395515,31.29656244864582,18.967407826769385,1140.334155588465,-271.5430577993757,16.583339329914537,15.634002605016995,59.52067390128389
65,2,1367.0340510255007,986.1581627366321,1315.3637109558085,-468.4365299039995,3.779740528842784,27.86147777395515,33.382631778417434,13.566188267214157,1094.1931007377693,-242.70489851768843,19.95860674304753,10.955132967853304,71.63513330116606
148,3,1614.6562401328224,1057.8153746549074,1530.3565468765432,-635.3070523545013,5.220906541032204,34.486651191594135,44.67142221068527,15.138920018725276,1261.184118467909,-544.074284599065,21.89147837658848,19.225353373158043,63.47812159252032
148,3,1614.6562401328224,1057.8153746549074,1553.994586722732,-1139.0808272583758,3.7569392111041733,34.486651191594135,46.90603142629629,10.893893959816833,1340.3876060407706,-427.5764643321265,16.986193548509764,26.712811909927776,49.25440122945316
223,4,1324.4841433230222,874.7628400435544,1286.0530559663334,-362.61737053562695,2.9015890866211733,33.95444977930456,47.01733968286774,8.545534106665777,993.7506298362774,-179.92835420425016,24.970741639606306,13.60229131209993,73.54188273380925
223,4,1324.4841433230222,874.7628400435544,1263.95731718544,-348.807533797564,4.569841507179195,33.95444977930456,44.4914277705838,13.458741157291676,1018.4315836409652,-204.35395033218722,23.107302660052706,16.423736471276886,68.05382743718246
179,5,1183.5365035327197,900.781441085643,1044.5067527216686,-230.65093100762485,11.746976151226718,23.890692141990176,15.95562531381691,49.16967696628715,1006.4047909703855,-187.8372049130626,14.966307505819762,11.725746675846562,62.6449305732547
179,5,1183.5365035327197,900.781441085643,1166.1209752305258,-326.65982007568715,1.471482142731601,23.890692141990176,29.456594246112505,6.159227761113419,1047.3406087829735,-213.4220910459373,11.507536467461478,16.27022505267137,48.16744696666147
261,6,1044.9627014306573,839.5517182500594,1037.1714764290596,-4400.066383324754,0.745598382691625,19.65725502923405,23.5387235691583,3.792993383780082,906.9485747908133,-125.67706980081192,13.207564868189936,8.02771944547195,67.18926344775907
261,6,1044.9627014306573,839.5517182500594,991.044503102784,-178.2370249958124,5.159820370052818,19.65725502923405,18.04448511742581,26.248936397168322,924.9946753523047,-136.9558826517496,11.480603653518392,10.177211867345175,58.40390042477735
142,7,1071.2193798942621,791.8187263546957,931.7855161481299,-141.20015814912523,13.016368669496577,26.082486816766277,17.676620309019558,49.90463049378186,876.0413755271591,-106.86007026100012,18.22017114611656,10.636607391214403,69.85595842189524
142,7,1071.2193798942621,791.8187263546957,926.7490941223286,-138.05239438300046,13.486526521410944,26.082486816766277,17.04056285569467,51.707211111256335,885.77709647155,-112.44489585125002,17.311326410190304,11.86614650418933,66.37145657085995
128,8,1306.3768881209019,967.800754544315,1275.09157089261,-360.7664423644994,2.394815578320038,25.917186430295487,31.75145451224426,9.240260646196749,1017.0075840428705,-194.46395058337504,22.15052231169379,5.084396686766817,85.4665392451755
128,8,1306.3768881209019,967.800754544315,1235.8892024558086,-570.2649620915003,5.395662331908143,25.917186430295487,27.70078930530715,20.818858352621834,1043.9083684610596,-211.27694084475013,20.091332145149792,7.863975468026937,77.5212702936934
168,9,1030.3136748407735,806.5361838484814,984.3839422255899,-186.07417444756294,4.457839756643208,21.71935561535423,22.05080961507358,20.52473303347818,887.3368694482233,-113.41975396168748,13.877017153503868,10.018234422439921,63.89239809533612
168,9,1030.3136748407735,806.5361838484814,981.0270344361908,-171.9761070791876,4.7836539112420855,21.71935561535423,21.63459669659282,22.024842706937125,876.6467930065396,-106.73845618562493,14.914572676906559,8.692803938878136,68.66949895310377
249,10,1633.2050871201097,1032.4463527862006,1233.626952715298,-348.85105600368735,24.46588842736232,36.784035212212636,19.485816322192782,66.51224719151917,1136.3476167110375,-269.05147100100083,30.4222338227711,10.063599299319028,82.70499320496148
249,10,1633.2050871201097,1032.4463527862006,1602.5221400728067,-594.4105481021883,1.8786952899716607,36.784035212212636,55.21602025598492,5.107365951378593,1134.4579601421356,-267.8704356454378,30.537936166818657,9.880572204128809,83.0195382062917
81,11,975.2527491724625,779.3884217356646,975.8210111486641,-1671.222342524501,-0.05826817475611203,20.083442738612728,25.203426678517054,-0.2901304099823721,827.0758727501443,-135.7566310253749,15.193689692036413,6.118573189512082,75.65281455865532
81,11,975.2527491724625,779.3884217356646,969.4038340698652,-463.7116068502521,0.5997332596663076,20.083442738612728,24.380066092211692,2.9862074320218595,848.8315869488338,-89.35395239956205,12.962912673755769,8.90995597015956,64.54527165719989
104,12,2116.761776367477,1554.2315873747455,1891.155999950601,-759.3067105258123,10.658061711792275,26.575035286118776,21.677877049517118,40.10554114808426,1805.5180547364089,-687.2829947669386,14.703767098685327,16.16789089881462,55.32924769573384
104,12,2116.761776367477,1554.2315873747455,2085.346522207885,-862.1757869366215,1.4841185489234963,26.575035286118776,34.17218766800682,5.584634349286121,1862.359271729307,-741.8087553874983,12.018475932362307,19.82508185122015,45.224684757577904
172,13,1187.6754924364218,898.0786640243434,1174.70984565033,-293.52786408806236,1.0916826076366908,24.383497870954084,30.802555801335473,4.477137010507079,1017.5232737929736,-194.78625667718742,14.326490672497966,13.300016418761334,58.75486260551589
172,13,1187.6754924364218,898.0786640243434,1151.3950066903396,-278.45608973806264,3.05474735962225,24.383497870954084,28.206475981833346,12.527929240460212,1020.1506309789775,-196.42835491843772,14.105272233392677,13.592569542585764,57.847616072323426
29,14,1265.1132455899785,880.6401773467602,1413.7756692948506,-2750.4440038659336,-11.750918285227828,30.390407308076316,60.539537675234115,-38.666537654811215,990.841414508595,-178.11009462443695,21.679626866405812,12.513764417818749,71.33707240785945
29,14,1265.1132455899785,880.6401773467602,1304.0919101039713,-2384.891654371619,-3.081041531251634,30.390407308076316,48.08453482476908,-10.138204137964419,1063.585943631765,-223.57542532643697,15.929585960838812,20.774178942890575,52.416493794755716
27,15,1323.0010874224736,979.6964434374194,1294.2338529637786,-6864.730368659052,2.174392351765974,25.94893135378254,32.105598793719736,8.379506354696243,1124.4083181985238,-262.0894094306865,15.010778986648948,14.771093202437283,57.84738794054749
27,15,1323.0010874224736,979.6964434374194,1350.1241000749692,-1658.1617731034992,-2.050112649970516,25.94893135378254,37.810452321113466,-7.900566778722755,1073.327458196351,-229.66387192931128,18.871762963743834,9.557145520546394,72.72655165043211
156,16,1448.5463986120324,1034.9394433281905,1369.7102524652555,-420.4031183474374,5.442431545328202,28.55324176568674,32.34689829392323,19.060643236203504,1129.0410252476195,-264.48485133637405,22.0569650837941,9.092472272272687,77.24854944597078
156,16,1448.5463986120324,1034.9394433281905,1353.953348623952,-407.0550534466247,6.530205044085399,28.55324176568674,30.824403046217537,22.870275458294678,1219.6699917675899,-321.12795541137496,15.800419445572969,17.849406516514353,55.33669197786429
180,17,1249.2145545242274,859.233642106973,1223.8264138050288,-2250.725719184813,2.0323282839806414,31.218089078843754,42.43232036446086,6.510098292204355,989.9770100100673,-181.5698418128741,20.752043239913476,15.216276632568931,66.4744186855978
180,17,1249.2145545242274,859.233642106973,1136.7789936678607,-347.82108159906335,9.000500390358372,31.218089078843754,32.30149961078152,28.831042052660234,1105.9908775123845,-250.57850900187464,11.465098328636646,28.718293059420347,36.72581720066413
21,18,1882.8477177863747,1231.5303379530565,1731.9148471573944,-641.2809900300633,8.016201692956292,34.59214325622991,40.63111510805604,23.173475067962446,1409.8633917016625,-439.99883037018543,25.120689348195942,14.480605816419908,72.61963840205766
21,18,1882.8477177863747,1231.5303379530565,1673.5317618004972,-604.7915616819993,11.116988060615224,34.59214325622991,35.89042106604514,32.13732083111993,1440.0351148202424,-458.85615731931244,23.518237762039405,16.930543279489534,67.98722353754088
290,19,1418.8495023276696,977.1380938180067,1316.2758193730795,-1118.5065976648111,7.2293560935331485,31.131660389986443,34.707246365756525,23.22187767363184,1052.6595879041504,-219.2464529966871,25.80893278834524,7.728845550484663,82.90252580503781
290,19,1418.8495023276696,977.1380938180067,1305.6836489524828,-395.38649115193743,7.975888435632846,31.131660389986443,33.62324703264185,25.619862017376704,1200.8383251579974,-309.8581637803733,15.365348954347708,22.893410128543724,49.35602136816963
66,20,1000.1869610068992,789.5802585719968,960.6901845798153,-159.26557591893794,3.9489393450322576,21.056733455401414,21.670998502075157,18.753807913255827,863.7914998338559,-98.70389795268764,13.636996530701865,9.39882177349199,64.763115131724
66,20,1000.1869610068992,789.5802585719968,943.8750019242248,-148.75608675918767,5.630143291008769,21.056733455401414,19.54136285414219,26.73797102923645,860.5690196042594,-96.68984780918753,13.959184317108559,8.9906960390132,66.29320899499626
240,21,1116.405737584627,855.3995185543694,1046.1880935817578,-355.20176904518786,6.289616905300665,23.379154212782126,22.30403114439699,26.902670849666286,954.9668031278026,-155.68846251143728,14.460596987444893,11.639857448330407,61.852524072657964
240,21,1116.405737584627,855.3995185543694,1060.1855746537587,-260.9501947151873,5.035818165222094,23.379154212782126,23.940398802828312,21.53977906723782,944.1921122904116,-168.45428073806306,15.425720192624965,10.380248271135608,65.9806597459853
113,22,1311.0895110529918,947.8354540275295,1113.7024857923445,-255.3982641768131,15.055190633179377,27.70627435907999,17.49955976641463,54.338560421587104,1125.9813778710304,-263.07257172600146,14.118649537001726,18.79502640321436,50.95831129808586
113,22,1311.0895110529918,947.8354540275295,1263.859694669802,-482.2465197252486,3.6023334779985885,27.70627435907999,33.34167753479008,13.001868931605449,1055.752174439561,-218.67931958131203,19.475202452680634,11.385596513980696,70.29166823470135
67,23,1265.488636326595,849.9207114792579,1040.418502787368,-272.5957747986876,17.785235448067773,32.8385346907286,22.41359561370792,54.15964998307046,1011.8339785371824,-191.2304471423125,20.044009128814487,19.050396686547383,61.038074072390245
67,23,1265.488636326595,849.9207114792579,1235.5750150978974,-2342.5685949928065,2.3638000666311427,32.8385346907286,45.37532718168751,7.198250740763173,995.7559361290878,-183.18167063725005,21.31450986240979,17.15868582564704,64.90700654931348
5,24,1119.503154362383,888.1070381690809,1082.2835941340002,-235.2614568903123,3.3246498755585283,20.66953677545416,21.86409381072277,16.084781733022062,1053.6440545566138,-217.3617446544375,5.882886488451156,18.639309145528635,28.461627139304362
5,24,1119.503154362383,888.1070381690809,1062.9755150858016,-269.6939074851863,5.049350603105434,20.66953677545416,19.690022643805317,24.428949027545336,969.750888037137,-164.9285155797502,13.37667211938656,9.193019124853787,64.716845204155
158,25,1622.2168648219313,973.3704980428815,1247.0139578859687,-338.21793423537446,23.129022701730335,39.997510866111774,28.112980657754832,57.826155180387964,1150.834991941484,-278.1060805200624,29.057882648272816,18.23195733335082,72.64922746203275
158,25,1622.2168648219313,973.3704980428815,1586.8917958990353,-3658.641582993579,2.1775799332953905,39.997510866111774,63.03060336118028,5.444288622321153,1107.3032547667003,-250.89874478581223,31.741354760958696,13.759689346771061,79.35832523981341
1,26,1265.677376439186,776.4640209440115,1165.41246167531,-852.7169991036895,7.921838268608228,38.65229517426557,50.092268313787635,20.49513032251325,901.0636560646324,-121.99899559693725,28.80779313606328,16.047058428944947,74.53061456294402
1,26,1265.677376439186,776.4640209440115,1033.753384004645,-558.4300755595015,18.324100339616404,38.65229517426557,33.13603156368091,47.407534939390786,858.7516899765565,-95.55401679187509,32.15082247953744,10.597743979495796,83.17959472932733
204,27,1167.4554743006277,867.8161880569446,1054.4941097298688,-383.39302913774907,9.675860626584424,25.66601406560572,21.511228327152924,37.69911682371734,958.6078077882,-157.96409042418762,17.889133342540475,10.462079525681519,69.69969429929202
204,27,1167.4554743006277,867.8161880569446,1096.9246761607549,-251.91213315706347,6.041412258752288,25.66601406560572,26.40057782475666,23.53856833129461,974.5146699716871,-167.90587928887575,16.526609243450853,12.295055494832638,64.3910238699576
247,28,1154.815005966904,871.4259838473512,1111.8930835435237,-254.26738777131234,3.716779068647671,24.53977655774197,27.594667149412828,15.145936882930084,1023.089028822647,-198.26485357075003,11.406673490007636,17.4040076594575,46.48238529461665
247,28,1154.815005966904,871.4259838473512,1128.2681118181233,-282.5017804429389,2.2988005881126794,24.53977655774197,29.473774334432,9.367650853314062,995.6086081298693,-181.08959063774975,13.786311834745716,14.250507396422933,56.179451358518264
137,29,1464.7468994637168,1014.1635280323114,1444.440354389331,-1553.109432049996,1.386351804657886,30.76185869356515,42.426769891029934,4.506723142018355,1102.7933284084402,-248.08004081187437,24.71099759199337,8.739202103637963,80.32998863349725
137,29,1464.7468994637168,1014.1635280323114,1413.7813849250351,-3193.447576134823,3.4794758437339235,30.76185869356515,39.40369041549597,11.311006524003602,1217.7350421155018,-320.91861187881335,16.863791105388426,20.072849048137385,54.82045566029481
